{"components/common/forms/multiline":"<div class=\"form-field\" id=\"{{id}}\" data-validation=\"{{validation}}\">\r\n    <label class=\"form-label\" for=\"{{id}}_input\">{{label}}\r\n        {{#if required}}\r\n            <small>{{lang 'common.required' }}</small>\r\n        {{/if}}\r\n    </label>\r\n    <textarea name=\"{{name}}\"\r\n              id=\"{{id}}_input\"\r\n              data-label=\"{{label}}\"\r\n              rows=\"{{rows}}\"\r\n              aria-required=\"{{required}}\"\r\n              data-input\r\n              class=\"form-input\"\r\n              {{#if private_id}}data-field-type=\"{{private_id}}\"{{/if}}\r\n    >\r\n        {{value}}\r\n    </textarea>\r\n</div>\r\n","components/common/forms/text":"<div class=\"form-field\" id=\"{{id}}\" data-validation=\"{{validation}}\" {{#if private_id}}data-type=\"{{private_id}}\"{{/if}}>\r\n    <label class=\"form-label\" for=\"{{id}}_input\">{{label}}\r\n        {{#if required}}<small>{{lang 'common.required' }}</small>{{/if}}\r\n    </label>\r\n    <input type=\"text\"\r\n           name=\"{{name}}\"\r\n           id=\"{{id}}_input\"\r\n           class=\"form-input\"\r\n           data-label=\"{{label}}\"\r\n           data-input\r\n           aria-required=\"{{required}}\"\r\n           {{#if value}} value=\"{{value}}\"{{/if}}\r\n           {{#if maxlength}}maxlength=\"{{maxlength}}\"{{/if}}\r\n           {{#if placeholder}} placeholder=\"{{placeholder}}\"{{/if}}\r\n           {{#if private_id}}data-field-type=\"{{private_id}}\"{{/if}}\r\n    >\r\n</div>\r\n","components/common/modal/modal-close-btn":"<button class=\"modal-close\"\r\n        type=\"button\"\r\n        title=\"{{lang 'common.close'}}\"\r\n        {{additional_attr}}\r\n>\r\n    <span class=\"aria-description--hidden\">{{lang 'common.close'}}</span>\r\n    <span aria-hidden=\"true\">&#215;</span>\r\n</button>\r\n","components/common/responsive-img":"{{!--\r\nThis file implements the lazysizes srcset pattern (as seen on\r\nhttps://github.com/aFarkas/lazysizes#modern-transparent-srcset-pattern) for maximum performance on modern browsers\r\nand reasonable compatibility with legacy browsers.\r\n\r\nThere are a few important arguments to know about when using this component:\r\n`lazyload`:\r\n    - If set to 'lazyload+lqip', will load a low-res image which will be replaced by lazysizes - ensuring that SOME\r\n    content is shown immediately on page load. Without LQIP, a transparent gif will be used instead, which reduces\r\n    the number of requests needed to load the page, making it even faster.\r\n    - If set to 'lazyload', the browser will not load the full-size image at first, instead the lazysizes plugin will\r\n        load it progressively after page load. This improves the load speed of the page, but it should be disabled for\r\n        high-priority above-the-fold images.\r\n    - If set to 'disabled', will not attempt to lazyload the image and instead tell the browser to load it immediately.\r\n        Use this for high-priority images that are above the fold.\r\n\r\n`fallback_size`:\r\n    This is the size to use for this image in legacy browsers that do not support srcset.\r\n    Can be defined as a pixel bounding-box size (e.g. \"123x123) or inherent width (e.g. \"123w\").\r\n\r\n`class`:\r\n    The CSS classes to add to the image, e.g. \"card-image\". If lazyloading is enabled, all images will have the\r\n    \"lazyload\" class so that lazysizes will target them automatically.\r\n\r\n`otherAttributes`:\r\n    Any other HTML attributes you want on the img tag, for example \"height='100' width='100'\"\r\n\r\n`default_image`:\r\n    The default image to use if `image` is undefined or falsy. Should be a theme asset, usually defined as a relative\r\n    path in the theme config. If a default image is not provided, you'll get an image tag with no image if the primary\r\n    image is undefined.\r\n\r\n`lqip_size`:\r\n    If you want to specify a particular size for the LQIP image, you can do so with this argument. A default of 80\r\n    pixels wide will be used otherwise. This argument has no effect if the lazyload mode is not \"lazyload+lqip\".\r\n\r\n--}}\r\n<img {{#if image}}{{!-- Get the default image for legacy browsers that do not support srcset\r\n--}}src=\"{{getImageSrcset image 1x=(default fallback_size '160w')}}\" alt=\"{{image.alt}}\" title=\"{{image.alt}}\" {{!--\r\n  Allow lazysizes to generate the 'sizes' attribute automatically --}}data-sizes=\"auto\"\r\n  {{#unless lazyload '==' 'disabled'}}\r\n    {{#if lazyload '==' 'lazyload+lqip'}}\r\n    {{!-- If we want a LQIP, include it as the default srcset (will be overwritten by lazysizes) --}}\r\n    srcset=\"{{getImageSrcset image 1x=(default lqip_size '80w')}}\"\r\n    {{else}}\r\n      {{!-- If we don't want a LQIP, use a 1px transparent gif for the stand-in image\r\n            This requires no additional network request, so it's fast --}}\r\n    srcset=\"data:image/gif;base64,R0lGODlhAQABAIAAAP///wAAACH5BAEAAAAALAAAAAABAAEAAAICRAEAOw==\"\r\n    {{/if}}\r\n{{/unless}}\r\n{{!-- If lazyloading is disabled, just use \"srcset\". If it is not disabled, use \"data-srcset\" so lazysizes will use\r\n      this after page load --}}\r\n{{!--\r\nGenerate the srcset string using the default sizes defined in the helper. This will allow the browser to\r\npick the best-sized image based on its own understanding of how it will render the page.\r\n--}}\r\n{{#unless lazyload '==' 'disabled'}}data-{{/unless}}srcset=\"{{getImageSrcset image use_default_sizes=true }}\"\r\n{{else if default_image}}src=\"{{cdn default_image}}\" alt=\"{{lang 'products.card_default_image_alt'}}\"{{/if}}\r\nclass=\"{{#unless lazyload '==' 'disabled'}}lazyload{{/unless}}{{#if class}} {{class}}{{/if}}\"\r\n{{#if lazyload '==' 'lazyload'}}loading=\"lazy\"{{/if}}\r\n{{otherAttributes}} />\r\n","components/products/modals/writeReview":"<div id=\"modal-review-form\" class=\"modal\" data-reveal>\r\n    {{inject 'reviewRating' (lang 'forms.validate.reviews.rating')}}\r\n    {{inject 'reviewSubject' (lang 'forms.validate.reviews.title')}}\r\n    {{inject 'reviewComment' (lang 'forms.validate.reviews.comment')}}\r\n    {{inject 'reviewEmail' (lang 'forms.validate.common.email_address')}}\r\n    <div class=\"modal-header\">\r\n        <h2 class=\"modal-header-title\">{{lang 'products.reviews.write_a_review'}}</h2>\r\n        {{> components/common/modal/modal-close-btn}}\r\n    </div>\r\n    <div class=\"modal-body\">\r\n        <div class=\"writeReview-productDetails\">\r\n            <div class=\"writeReview-productImage-container\">\r\n                {{> components/common/responsive-img\r\n                    image=product.main_image\r\n                    fallback_size=theme_settings.product_size\r\n                    lazyload=theme_settings.lazyload_mode\r\n                    default_image=theme_settings.default_image_product\r\n                }}\r\n            </div>\r\n            <h6 class=\"product-brand\">{{ product.brand.name }}</h6>\r\n            <h5 class=\"product-title\">{{ product.title }}</h5>\r\n        </div>\r\n        <form class=\"form writeReview-form\" action=\"{{ urls.product.post_review }}\" method=\"post\">\r\n            <fieldset class=\"form-fieldset\">\r\n                <div class=\"form-field\">\r\n                    <label class=\"form-label\" for=\"rating-rate\">{{lang 'products.reviews.rating_label'}}\r\n                        <small>{{lang 'common.required' }}</small>\r\n                    </label>\r\n                    <!-- Stars -->\r\n                    <!-- TODO: Review Stars need to be componentised, both for display and input -->\r\n                    <select id=\"rating-rate\" class=\"form-select\" name=\"revrating\" data-input aria-required=\"true\">\r\n                        <option value=\"\">{{lang 'products.reviews.select_rating'}}</option>\r\n                        {{#for 1 5}}\r\n                            {{#if ../product.reviews.selected_rating '===' $index}}\r\n                                <option selected value=\"{{$index}}\">{{lang (concat 'products.reviews.rating.' $index) }}</option>\r\n                            {{else}}\r\n                                <option value=\"{{$index}}\">{{lang (concat 'products.reviews.rating.' $index) }}</option>\r\n                            {{/if}}\r\n                        {{/for}}\r\n                    </select>\r\n                </div>\r\n\r\n                <!-- Name -->\r\n                {{#if product.reviews.author}}\r\n                    {{> components/common/forms/text id=\"revfromname\" name=\"revfromname\" required=\"true\" label=(lang 'products.reviews.form_write.name') value=product.reviews.author}}\r\n                {{else}}\r\n                    {{> components/common/forms/text id=\"revfromname\" name=\"revfromname\" required=\"true\" label=(lang 'products.reviews.form_write.name') value=customer.name}}\r\n                {{/if}}\r\n\r\n                {{#if product.reviews.show_review_email}}\r\n                    <!-- Email -->\r\n                    {{#if product.reviews.email}}\r\n                        {{> components/common/forms/text id=\"email\" name=\"email\" required=\"true\" label=(lang 'products.reviews.form_write.email') value=product.reviews.email}}\r\n                    {{else}}\r\n                        {{> components/common/forms/text id=\"email\" name=\"email\" required=\"true\" label=(lang 'products.reviews.form_write.email') value=customer.email}}\r\n                    {{/if}}\r\n                {{/if}}\r\n\r\n                <!-- Review Subject -->\r\n                {{> components/common/forms/text id=\"revtitle\" name=\"revtitle\" required=\"true\" label=(lang 'products.reviews.form_write.subject') value=product.reviews.title}}\r\n\r\n                <!-- Comments -->\r\n                {{> components/common/forms/multiline id=\"revtext\" name=\"revtext\" required=\"true\" label=(lang 'products.reviews.form_write.comments') value=product.reviews.text}}\r\n\r\n                {{{product.reviews.recaptcha.markup}}}\r\n\r\n                <div class=\"form-field\">\r\n                    <input type=\"submit\" class=\"button button--primary\"\r\n                           value=\"{{lang 'products.reviews.form_write.submit_value' }}\">\r\n                </div>\r\n                <input type=\"hidden\" name=\"product_id\" value=\"{{ product.id }}\">\r\n                <input type=\"hidden\" name=\"action\" value=\"post_review\">\r\n                {{#if product.reviews.throttleToken}}<input type=\"hidden\" name=\"throttleToken\" value=\"{{product.reviews.throttleToken}}\">{{/if}}\r\n            </fieldset>\r\n        </form>\r\n    </div>\r\n</div>\r\n"}
