{"components/products/schema":"<script type=\"application/ld+json\">\r\n    {\r\n        \"@context\": \"https://schema.org/\",\r\n        \"@type\": \"Product\",\r\n        \"name\": {{{JSONstringify product.title}}},\r\n        {{#if product.sku}}\"sku\": \"{{product.sku}}\",{{/if}}\r\n        {{#if product.mpn}}\"mpn\": \"{{product.mpn}}\",{{/if}}\r\n        {{#if product.gtin}}\"gtin{{length product.gtin}}\": \"{{product.gtin}}\",{{/if}}\r\n        \"url\" : \"{{product.url}}\",\r\n        {{#if product.brand}}\r\n        \"brand\": {\r\n            \"@type\": \"Brand\",\r\n            \"url\": \"{{product.brand.url}}\",\r\n            \"name\": {{{JSONstringify product.brand.name}}}\r\n        },\r\n        {{/if}}\r\n        \"description\": \"{{encodeURI (sanitize product.description)}}\",\r\n        \"image\": \"{{getImage product.main_image 'zoom_size' (cdn theme_settings.default_image_product)}}\",\r\n        {{#and settings.show_product_reviews product.reviews.list.length}}\r\n        \"aggregateRating\": {\r\n            \"@type\": \"AggregateRating\",\r\n            \"ratingValue\": \"{{product.rating}}\",\r\n            \"reviewCount\": \"{{product.num_reviews}}\"\r\n        },\r\n        \"review\": [\r\n        {{#each product.reviews.list}}\r\n            {\r\n                \"@type\": \"Review\",\r\n                \"author\": {\r\n                    \"@type\": \"Person\",\r\n                    \"name\": {{{JSONstringify name}}}\r\n                },\r\n                \"datePublished\": \"{{date}}\",\r\n                \"reviewBody\": {{{JSONstringify text}}},\r\n                \"name\": {{{JSONstringify title}}},\r\n                \"reviewRating\": {\r\n                    \"@type\": \"Rating\",\r\n                    \"bestRating\": \"5\",\r\n                    \"ratingValue\": \"{{rating}}\",\r\n                    \"worstRating\": \"1\"\r\n                }\r\n            }{{#unless @last}},{{/unless}}\r\n        {{/each}}\r\n        ],\r\n        {{/and}}\r\n        \"offers\": {\r\n            \"@type\": \"Offer\",\r\n            \"priceCurrency\": \"{{currency_selector.active_currency_code}}\",\r\n            {{#if product.price.price_range}}\r\n            \"minPrice\": \"{{#if product.price.price_range.min.with_tax}}{{product.price.price_range.min.with_tax.value}}{{else}}{{product.price.price_range.min.without_tax.value}}{{/if}}\",\r\n            \"maxPrice\": \"{{#if product.price.price_range.max.with_tax}}{{product.price.price_range.max.with_tax.value}}{{else}}{{product.price.price_range.max.without_tax.value}}{{/if}}\",\r\n            {{else}}\r\n            \"price\": \"{{#if product.price.with_tax}}{{product.price.with_tax.value}}{{else}}{{product.price.without_tax.value}}{{/if}}\",\r\n            {{/if}}\r\n            \"itemCondition\" : \"https://schema.org/{{#if product.condition}}{{product.condition}}{{else}}New{{/if}}Condition\",\r\n            \"availability\" : \"https://schema.org/{{#if product.pre_order}}PreOrder{{else if product.out_of_stock}}OutOfStock{{else if product.can_purchase '===' false}}OutOfStock{{else}}InStock{{/if}}\",\r\n            \"url\" : \"{{product.url}}\",\r\n            \"priceValidUntil\": \"{{moment (moment add='31536000000') 'YYYY-MM-DD' }}\"\r\n        }\r\n    }\r\n</script>\r\n"}
