{"components/amp/category/product-listing":"{{#if theme_settings.product_list_display_mode '===' 'grid'}}\r\n    {{> components/amp/products/grid products=category.products}}\r\n{{else}}\r\n    {{> components/amp/products/list products=category.products}}\r\n{{/if}}\r\n\r\n{{> components/amp/common/paginator pagination.category}}\r\n","components/amp/category/styles":"<style amp-custom>\r\n{{> components/amp/css/base}}\r\n{{> components/amp/css/header}}\r\n{{> components/amp/css/footer}}\r\n{{> components/amp/css/category}}\r\n</style>\r\n","components/amp/category/subcategories":"<nav>\r\n    {{#if category.subcategories}}\r\n    <div class=\"sidebarBlock\">\r\n        <h5 class=\"sidebarBlock-heading\">{{category.name}}</h5>\r\n        <ul class=\"navList\">\r\n            {{#each category.subcategories}}\r\n            <li class=\"navList-item\">\r\n                <a class=\"navList-action\" href=\"{{url}}\">{{name}}</a>\r\n            </li>\r\n            {{/each}}\r\n        </ul>\r\n    </div>\r\n    {{/if}}\r\n</nav>\r\n","components/amp/common/footer":"<footer class=\"amp-footer\" role=\"contentinfo\">\r\n    <article data-section-type=\"footer-webPages\">\r\n        <h5 class=\"amp-footer-heading\">{{lang 'footer.navigate'}}</h5>\r\n        <ul class=\"amp-footer-list\">\r\n            {{#each pages}}\r\n            <li>\r\n                <a href=\"{{url}}\">{{name}}</a>\r\n            </li>\r\n            {{/each}}\r\n            <li>\r\n                <a href=\"{{urls.sitemap}}\">{{lang 'sitemap.page_title'}}</a>\r\n            </li>\r\n        </ul>\r\n    </article>\r\n\r\n    <article data-section-type=\"footer-categories\">\r\n        <h5 class=\"amp-footer-heading\">{{lang 'footer.categories'}}</h5>\r\n        <ul class=\"amp-footer-list\">\r\n            {{#each categories}}\r\n                <li>\r\n                    <a href=\"{{url}}\">{{name}}</a>\r\n                </li>\r\n            {{/each}}\r\n        </ul>\r\n    </article>\r\n\r\n    <article data-section-type=\"footer-brands\">\r\n        <h5 class=\"amp-footer-heading\">{{lang 'footer.brands'}}</h5>\r\n        <ul class=\"amp-footer-list\">\r\n            {{#each shop_by_brand}}\r\n                <li>\r\n                    <a href=\"{{url}}\">{{name}}</a>\r\n                </li>\r\n            {{/each}}\r\n            <li><a href=\"{{urls.brands}}\">{{lang 'common.view_all'}}</a></li>\r\n        </ul>\r\n    </article>\r\n\r\n    <article data-section-type=\"storeInfo\">\r\n        <h5 class=\"amp-footer-heading\">{{lang 'footer.info'}}</h5>\r\n        <address>{{nl2br settings.address}}</address>\r\n        {{#if settings.phone_number}}\r\n            <strong>{{lang 'footer.call_us' phone_number=settings.phone_number}}</strong>\r\n        {{/if}}\r\n    </article>\r\n    <article>\r\n        {{#if theme_settings.show_powered_by}}\r\n            <p>{{lang 'footer.powered_by'}} <a href=\"http://bigcommerce.com?utm_source=merchant&amp;utm_medium=poweredbyBC\" rel=\"nofollow\">BigCommerce</a></p>\r\n        {{/if}}\r\n        {{#if theme_settings.show_copyright_footer}}\r\n            <p class=\"powered-by\">&copy; {{settings.store_name}} </p>\r\n        {{/if}}\r\n    </article>\r\n</footer>\r\n","components/amp/common/header":"{{#if banners.top}}\r\n    <div class=\"banners\" data-banner-location=\"top\">\r\n        <div class=\"banner\">\r\n            {{{limit banners.top 1}}}\r\n        </div>\r\n    </div>\r\n{{/if}}\r\n\r\n<header class=\"amp-header\">\r\n    <button class=\"amp-menu-button\" on=\"tap:amp-menu.toggle\">\r\n        Toggle menu\r\n    </button>\r\n\r\n    <div class=\"amp-header-logo\">\r\n        {{> components/amp/common/store-logo}}\r\n    </div>\r\n</header>\r\n<amp-sidebar layout=\"nodisplay\" id=\"amp-menu\" data-menu>\r\n    {{> components/amp/common/navigation-menu}}\r\n</amp-sidebar>\r\n","components/amp/common/navigation-menu":"<nav class=\"navPages helper\">\r\n    <ul class=\"navPages-list\">\r\n        {{#each categories}}\r\n            <li class=\"navPages-item\"> {{> components/common/navigation-list}}            </li>\r\n        {{/each}}\r\n        {{#unless theme_settings.hide_content_navigation}}\r\n            {{#each pages}}\r\n                     <li class=\"navPages-item\">\r\n                     <a class=\"navPages-action\" href=\"{{url}}\">{{name}}</a>\r\n                 </li>\r\n             {{/each}}\r\n        {{/unless}}\r\n    </ul>\r\n    <ul class=\"navPages-list navPages-list--user\">\r\n        {{#if currency_selector.currencies.length '>' 1}}\r\n            <li class=\"navPages-item\">\r\n                <a class=\"navPages-action has-subMenu\" href=\"#\" data-collapsible=\"navPages-currency\" aria-controls=\"navPages-currency\" aria-expanded=\"false\">\r\n                    {{lang 'common.currency' code=currency_selector.active_currency_code}} <span class=\"icon navPages-action-moreIcon\" aria-hidden=\"true\"><svg><use xmlns:xlink=\"http://www.w3.org/1999/xlink\" xlink:href=\"#icon-chevron-down\"></use></svg></span>\r\n                </a>\r\n                <div class=\"navPage-subMenu\" id=\"navPages-currency\" aria-hidden=\"true\" tabindex=\"-1\">\r\n                    <ul class=\"navPage-subMenu-list\">\r\n                        {{#each currency_selector.currencies}}\r\n                        <li class=\"navPage-subMenu-item\">\r\n                            <a class=\"navPage-subMenu-action navPages-action\" href=\"{{{switch_url}}}\">\r\n                                {{#if is_active}}\r\n                                    <strong>{{name}}</strong>\r\n                                {{else}}\r\n                                    {{name}}\r\n                                {{/if}}\r\n                            </a>\r\n                        </li>\r\n                        {{/each}}\r\n                    </ul>\r\n                </div>\r\n            </li>\r\n        {{/if}}\r\n        <li class=\"navPages-item\">\r\n            <a class=\"navPages-action\" href=\"{{urls.gift_certificate.purchase}}\">{{lang 'common.gift_cert'}}</a>\r\n        </li>\r\n        {{#if customer.store_credit.value '>' 0}}\r\n            <li class=\"navPages-item\">\r\n                <a class=\"navPages-action navPages-action--storeCredit\">\r\n                    {{lang 'common.store_credit_overview' credit=customer.store_credit.formatted}}\r\n                </a>\r\n            </li>\r\n        {{/if}}\r\n        {{#if theme_settings.product_list_display_mode '==' 'list'}}\r\n            <li class=\"navPages-item\">\r\n                <a class=\"navPages-action navPages-action--compare\" href=\"{{urls.compare}}\" data-compare-nav>{{lang 'common.compare'}} <span class=\"countPill countPill--positive countPill--alt\"></span></a>\r\n            </li>\r\n        {{/if}}\r\n        {{#if customer}}\r\n            <li class=\"navPages-item\">\r\n                <a class=\"navPages-action has-subMenu\" href=\"{{urls.account.index}}\" data-collapsible=\"navPages-account\">\r\n                    {{lang 'common.account'}} <span class=\"icon navPages-action-moreIcon\" aria-hidden=\"true\"><svg><use xlink:href=\"#icon-chevron-down\" /></svg></span>\r\n                </a>\r\n                <div class=\"navPage-subMenu\" id=\"navPages-account\" aria-hidden=\"true\" tabindex=\"-1\">\r\n                    <ul class=\"navPage-subMenu-list\">\r\n                        <li class=\"navPage-subMenu-item\">\r\n                            <a class=\"navPage-subMenu-action navPages-action\" href=\"{{urls.account.orders.all}}\">{{lang 'account.nav.orders'}}</a>\r\n                        </li>\r\n                        {{#if settings.returns_enabled}}\r\n                            <li class=\"navPage-subMenu-item\">\r\n                                <a class=\"navPage-subMenu-action navPages-action\" href=\"{{urls.account.returns}}\">{{lang 'account.nav.returns'}}</a>\r\n                            </li>\r\n                        {{/if}}\r\n                        <li class=\"navPage-subMenu-item\">\r\n                            <a class=\"navPage-subMenu-action navPages-action\" href=\"{{urls.account.inbox}}\">{{lang 'account.mobile_nav.messages'}}</a>\r\n                        </li>\r\n                        <li class=\"navPage-subMenu-item\">\r\n                            <a class=\"navPage-subMenu-action navPages-action\" href=\"{{urls.account.addresses}}\">{{lang 'account.nav.addresses'}}</a>\r\n                        </li>\r\n                        {{#if settings.show_payment_methods}}\r\n                            <li class=\"navPage-subMenu-item\">\r\n                                <a class=\"navPage-subMenu-action navPages-action\" href=\"{{urls.account.payment_methods.all}}\">{{lang 'account.nav.payment_methods'}}</a>\r\n                            </li>\r\n                        {{/if}}\r\n                        <li class=\"navPage-subMenu-item\">\r\n                            <a class=\"navPage-subMenu-action navPages-action\" href=\"{{urls.account.wishlists.all}}\">{{lang 'account.mobile_nav.wishlists'}}</a>\r\n                        </li>\r\n                        <li class=\"navPage-subMenu-item\">\r\n                            <a class=\"navPage-subMenu-action navPages-action\" href=\"{{urls.account.recent_items}}\">{{lang 'account.nav.recently_viewed'}}</a>\r\n                        </li>\r\n                        <li class=\"navPage-subMenu-item\">\r\n                            <a class=\"navPage-subMenu-action navPages-action\" href=\"{{urls.account.details}}\">{{lang 'account.nav.settings'}}</a>\r\n                        </li>\r\n                    </ul>\r\n                </div>\r\n            </li>\r\n            <li class=\"navPages-item\">\r\n                <a class=\"navPages-action\" href=\"{{urls.auth.logout}}\">{{lang 'common.logout'}}</a>\r\n            </li>\r\n        {{else}}\r\n            <li class=\"navPages-item\">\r\n                <a class=\"navPages-action\" href=\"{{urls.auth.login}}\">{{lang 'common.login'}}</a> {{lang 'common.or'}} <a class=\"navPages-action\" href=\"{{urls.auth.create_account}}\">{{lang 'common.sign_up'}}</a>\r\n            </li>\r\n        {{/if}}\r\n    </ul>\r\n</nav>\r\n","components/amp/common/paginator":"<div class=\"pagination\">\r\n    <ul class=\"pagination-list\">\r\n        {{#if previous}}\r\n            <li class=\"pagination-item pagination-item--previous\">\r\n                <a class=\"pagination-link\" href=\"{{previous}}\" {{#unless reload}}data-faceted-search-facet{{/unless}}>\r\n                    <span class=\"icon\" aria-hidden=\"true\"><svg xmlns=\"http://www.w3.org/2000/svg\" width=\"24\" height=\"24\" viewBox=\"0 0 24 24\"><path d=\"M15.41 7.41L14 6l-6 6 6 6 1.41-1.41L10.83 12z\"/></svg></span>\r\n                    {{lang 'common.previous'}}\r\n                </a>\r\n            </li>\r\n        {{/if}}\r\n        {{#each links}}\r\n            {{#if this.number '==' ../current}}\r\n                <li class=\"pagination-item pagination-item--current\">\r\n                    <a class=\"pagination-link\" href=\"{{this.url}}\" {{#unless reload}}data-faceted-search-facet{{/unless}}>{{this.number}}</a>\r\n                </li>\r\n            {{else}}\r\n                <li class=\"pagination-item\">\r\n                    <a class=\"pagination-link\" href=\"{{this.url}}\" {{#unless reload}}data-faceted-search-facet{{/unless}}>{{this.number}}</a>\r\n                </li>\r\n            {{/if}}\r\n        {{/each}}\r\n\r\n        {{#if next}}\r\n            <li class=\"pagination-item pagination-item--next\">\r\n                <a class=\"pagination-link\" href=\"{{next}}\" {{#unless reload}}data-faceted-search-facet{{/unless}}>\r\n                    {{lang 'common.next'}}\r\n                    <span class=\"icon\" aria-hidden=\"true\"><svg xmlns=\"http://www.w3.org/2000/svg\" width=\"24\" height=\"24\" viewBox=\"0 0 24 24\"><path d=\"M10 6L8.59 7.41 13.17 12l-4.58 4.59L10 18l6-6z\"/></svg></span>\r\n                </a>\r\n            </li>\r\n        {{/if}}\r\n    </ul>\r\n</div>\r\n","components/amp/common/store-logo":"<a href=\"{{urls.home}}\" class=\"amp-header-link\">\r\n    {{#if settings.store_logo.image}}\r\n        <amp-img src=\"{{getImage settings.store_logo.image 'logo_size'}}\"\r\n            {{#if theme_settings.logo_size '===' 'original' }}\r\n                width=\"100\"\r\n                height=\"50\"\r\n            {{else}}\r\n                width=\"{{first (split theme_settings.logo_size 'x')}}\"\r\n                height=\"{{last (split theme_settings.logo_size 'x')}}\"\r\n                {{#if (last (split theme_settings.logo_size 'x')) 'gtnum' (first (split theme_settings.logo_size 'x')) }}\r\n                    sizes=\"(max-width: 360px) 100vw, 1vw\"\r\n                {{else}}\r\n                    sizes=\"(max-width: 768px) 15vw, 10vw\"\r\n                {{/if}}\r\n                layout=\"responsive\"\r\n            {{/if}}\r\n            alt=\"{{settings.store_logo.title}}\">\r\n        </amp-img>\r\n    {{else}}\r\n        <span class=\"amp-header-logo-text\">{{settings.store_logo.title}}</span>\r\n    {{/if}}\r\n</a>\r\n","components/amp/css/base":"*,\r\n*:after,\r\n*:before {\r\n    box-sizing: border-box;\r\n}\r\nhtml {\r\n    font-size: 14px\r\n}\r\nhtml,\r\nbody {\r\n    height: auto\r\n}\r\n\r\nbody {\r\n    font-size: 1rem;\r\n    font-family: \"Karla\", Arial, Helvetica, sans-serif;\r\n    font-weight: 400;\r\n    line-height: 1.5;\r\n    color: #4f4f4f;\r\n    padding-top: 55px;\r\n    -webkit-font-smoothing: antialiased;\r\n    -moz-osx-font-smoothing: grayscale;\r\n}\r\nul {\r\n    margin: 0;\r\n    padding: 0;\r\n}\r\nli {\r\n    padding: 0;\r\n    margin: 0;\r\n}\r\na {\r\n    color: #4f4f4f;\r\n    line-height: inherit;\r\n    text-decoration: none;\r\n}\r\na:hover,\r\na:focus {\r\n    color: #a5a5a5\r\n}\r\np {\r\n    margin-bottom: 1.5rem\r\n}\r\n\r\nh1,\r\nh2,\r\nh3,\r\nh4,\r\nh5,\r\nh6 {\r\n    color: #2d2d2d;\r\n    font-family: \"Montserrat\", Arial, Helvetica, sans-serif;\r\n    font-weight: 400;\r\n    letter-spacing: .25px;\r\n    margin-bottom: .78571rem;\r\n    margin-top: 2.28571rem\r\n}\r\nh1 small,\r\nh2 small,\r\nh3 small,\r\nh4 small,\r\nh5 small,\r\nh6 small {\r\n    color: #989898;\r\n    font-size: 60%;\r\n    line-height: 0\r\n}\r\nh1 {\r\n    font-size: 28px\r\n}\r\nh2 {\r\n    font-size: 25px\r\n}\r\nh3 {\r\n    font-size: 22px\r\n}\r\nh4 {\r\n    font-size: 20px\r\n}\r\nh5 {\r\n    font-size: 15px\r\n}\r\nh6 {\r\n    font-size: 13px;\r\n    text-transform: uppercase\r\n}\r\n\r\nhr {\r\n    border: solid #e8e8e8;\r\n    border-width: 1px 0 0;\r\n    clear: both;\r\n    height: 0;\r\n    margin: 2rem 0 1.92857rem\r\n}\r\nem,\r\ni {\r\n    font-style: italic;\r\n    line-height: inherit\r\n}\r\nstrong,\r\nb {\r\n    font-weight: 700;\r\n    line-height: inherit\r\n}\r\nsmall {\r\n    font-size: 60%;\r\n    line-height: inherit\r\n}\r\nul,\r\nol,\r\ndl {\r\n    list-style-position: outside;\r\n    margin-bottom: 1.5rem\r\n}\r\nul ul,\r\nul ol,\r\nol ul,\r\nol ol {\r\n    margin-left: 1.2rem;\r\n    margin-bottom: 0\r\n}\r\nul {\r\n    margin-left: 1.15rem\r\n}\r\nol {\r\n    margin-left: 1.15rem\r\n}\r\ndl dt {\r\n    font-weight: 700;\r\n}\r\nabbr,\r\nacronym {\r\n    border-bottom: 1px dotted #dfdfdf;\r\n    color: #4f4f4f;\r\n    cursor: help;\r\n    font-size: 90%;\r\n    text-transform: uppercase\r\n}\r\nabbr {\r\n    text-transform: none\r\n}\r\nblockquote,\r\nblockquote p {\r\n    font-size: 22px;\r\n    line-height: 29px\r\n}\r\ncite {\r\n    color: #a5a5a5;\r\n    display: block;\r\n    font-size: 1rem;\r\n    line-height: 1.5;\r\n}\r\n.icon {\r\n    height: 1.14286rem;\r\n    width: 1.14286rem;\r\n    display: inline-block;\r\n    vertical-align: middle\r\n}\r\n.icon svg {\r\n    display: inline-block;\r\n    fill: #4f4f4f;\r\n    height: 100%;\r\n    vertical-align: top;\r\n    width: 100%\r\n}\r\n.is-srOnly,\r\n.modal {\r\n    display: none;\r\n}\r\n\r\n.body {\r\n    margin-bottom: 6rem;\r\n    margin-top: 1.5rem\r\n}\r\n\r\n.container {\r\n    margin-left: auto;\r\n    margin-right: auto;\r\n    max-width: 91.71429rem;\r\n    padding: 0 1.5rem;\r\n    position: relative;\r\n}\r\n\r\n.button {\r\n    border-radius: 0;\r\n    border-style: solid;\r\n    border-width: 1px;\r\n    cursor: pointer;\r\n    font-family: \"Montserrat\", Arial, Helvetica, sans-serif;\r\n    font-weight: 400;\r\n    line-height: normal;\r\n    margin: 0 0 1rem;\r\n    position: relative;\r\n    text-align: center;\r\n    text-decoration: none;\r\n    display: inline-block;\r\n    background-color: transparent;\r\n    border-color: #dfdfdf;\r\n    color: #454545;\r\n    font-size: 1rem;\r\n    padding: .85714rem 2.28571rem;\r\n    border-radius: 4px;\r\n    outline: none;\r\n    vertical-align: middle\r\n}\r\n.button:hover,\r\n.button:focus,\r\n.button.is-active,\r\n.button.active {\r\n    background-color: transparent;\r\n    border-color: #989898;\r\n    color: #666\r\n}\r\n.button:active {\r\n    background-color: transparent;\r\n    border: 1px solid #454545;\r\n    color: #454545\r\n}\r\n.button:focus,\r\n.button.is-active,\r\n.button.active {\r\n    outline: none\r\n}\r\n.button--primary {\r\n    background-color: #454545;\r\n    border-color: #454545;\r\n    color: #fff\r\n}\r\n.button--primary:hover,\r\n.button--primary:focus,\r\n.button--primary.is-active,\r\n.button--primary.active {\r\n    background-color: #666;\r\n    border-color: #666;\r\n    color: #fff\r\n}\r\n.button--primary:active {\r\n    background-color: #989898;\r\n    border: 1px solid #989898;\r\n    color: #fff\r\n}\r\n.button[disabled] {\r\n    background-color: #dadada;\r\n    border-color: #dadada;\r\n    color: #fff;\r\n    cursor: default\r\n}\r\n\r\n.button--wide {\r\n    display: block;\r\n    width: 100%\r\n}\r\n\r\n.button--icon {\r\n    font-size: 1rem;\r\n    padding: .78571rem\r\n}\r\n.button--icon svg {\r\n    fill: #4f4f4f\r\n}\r\n\r\n.icon--ratingEmpty svg {\r\n    fill: #dfdfdf;\r\n}\r\n\r\n.icon--ratingFull svg {\r\n    fill: #454545;\r\n}\r\n\r\n.price--rrp,\r\n.price--non-sale,\r\n.price--discounted {\r\n    text-decoration: line-through;\r\n}\r\n","components/amp/css/category":".container {\r\n    margin-left: auto;\r\n    margin-right: auto;\r\n    max-width: 91.71429rem;\r\n    padding: .5rem 1.5rem;\r\n}\r\n\r\n.categoryView-img {\r\n    padding: 0 0 1rem;\r\n}\r\n\r\n.categoryView-title {\r\n    font-size: 20px;\r\n    margin: 7px 0;\r\n    text-align: center;\r\n}\r\n\r\n.sidebarBlock {\r\n    margin-left: auto;\r\n    margin-right: auto;\r\n    max-width: 91.71429rem;\r\n    padding: 1rem 1.5rem;\r\n    background-color: #f3f4f5;\r\n    text-align: center;\r\n    border-top: 1px solid #e8e8e8;\r\n}\r\n\r\n.sidebarBlock-heading {\r\n    margin: .78571rem 0;\r\n}\r\n\r\n.navList {\r\n    list-style: none;\r\n    padding: 0;\r\n    margin-left: 0;\r\n}\r\n\r\n.navList-action {\r\n    color: #4f4f4f;\r\n    font-size: 15px;\r\n    padding: 3px 0;\r\n    display: block;\r\n}\r\n\r\n.actionBar-section .form-field {\r\n    background-color: white;\r\n    border: 1px solid #dfdfdf;\r\n    border-radius: 4px;\r\n    overflow: hidden;\r\n    display: inline-block;\r\n}\r\n\r\n.actionBar-section .form-label {\r\n    color: #989898;\r\n    font-size: 13px;\r\n    line-height: 2.14286rem;\r\n    margin-bottom: 0;\r\n    padding-left: 0.78571rem;\r\n    display: inline-block;\r\n}\r\n\r\n.actionBar-section .form-select {\r\n    color: #4f4f4f;\r\n    height: 2.14286rem;\r\n    display: inline-block;\r\n}\r\n\r\n.productGrid {\r\n    display: flex;\r\n    flex-wrap: wrap;\r\n    list-style: none;\r\n    margin: 0;\r\n    padding: 0;\r\n}\r\n\r\n.productGrid .product {\r\n    width: 50%;\r\n    padding: 1rem 1.5rem;\r\n}\r\n\r\n.productList {\r\n    list-style: none;\r\n    margin: 0;\r\n    padding: 0;\r\n}\r\n\r\n.productList .product {\r\n    padding: 1rem 1.5rem;\r\n}\r\n\r\n.listItem-rating,\r\n.listItem-brand,\r\n.listItem-title {\r\n    margin: .5rem 0;\r\n}\r\n\r\n.listItem-title {\r\n    font-size: 15px;\r\n}\r\n\r\n.listItem-price {\r\n    margin-bottom: 1rem;\r\n}\r\n\r\n\r\n.card-figure {\r\n    margin: 0;\r\n    padding: 0;\r\n    position: relative;\r\n}\r\n\r\n.card-figure amp-img img {\r\n    height: auto;\r\n    min-height: auto;\r\n    max-height: 100%;\r\n    width: auto;\r\n    min-width: auto;\r\n    max-width: 100%;\r\n}\r\n\r\n.card-image {\r\n    max-width: 100%;\r\n    height: auto;\r\n    margin-bottom: 10px;\r\n}\r\n\r\n.card-body {\r\n    text-align: center;\r\n}\r\n\r\n.card-text,\r\n.card-title {\r\n    margin: 5px 0;\r\n}\r\n\r\n.card-text {\r\n    color: #989898;\r\n    font-size: 14px;\r\n    font-weight: normal;\r\n}\r\n\r\n.card-title {\r\n    font-size: 15px;\r\n}\r\n\r\n.rating--small {\r\n    display: block;\r\n    margin-bottom: 10px;\r\n}\r\n\r\n.sale-sash {\r\n    background: #007dc6;\r\n    color: #ffffff;\r\n    font-size: 15px;\r\n    padding: 1px 5px;\r\n    position: absolute;\r\n    text-align: center;\r\n    bottom: 0;\r\n    width: 100%;\r\n    z-index: 10;\r\n}\r\n\r\n.pagination {\r\n    margin: 2rem 1.5rem 2.28571rem;\r\n}\r\n\r\n.pagination-list {\r\n    display: block;\r\n    margin: 0;\r\n    text-align: center;\r\n    list-style: none;\r\n    padding: 0 80px;\r\n}\r\n\r\n.pagination-item {\r\n    display: inline-block;\r\n    border: 1px solid transparent;\r\n    border-radius: 4px;\r\n    font-size: 15px;\r\n    position: relative;\r\n}\r\n\r\n.pagination-link {\r\n    display: block;\r\n    padding: 3px 10px;\r\n}\r\n\r\n.pagination-item--current {\r\n    border-color: #e8e8e8;\r\n}\r\n\r\n.pagination-item--previous {\r\n    position: absolute;\r\n    left: 1rem;\r\n}\r\n\r\n.pagination-item--next {\r\n    position: absolute;\r\n    right: 1rem;\r\n}","components/amp/css/footer":".amp-footer {\r\n    color: #989898;\r\n    text-align: center;\r\n    border-top: 1px solid #e8e8e8\r\n}\r\n\r\n.amp-footer a {\r\n    color: #989898;\r\n    text-decoration: none\r\n}\r\n.amp-footer a:hover {\r\n    color: #4f4f4f\r\n}\r\n\r\n.amp-footer-heading {\r\n    text-transform: capitalize;\r\n}\r\n\r\n.amp-footer-list {\r\n    margin: 0;\r\n    list-style-type: none;\r\n}\r\n\r\n.amp-footer-list li {\r\n    padding: 3px 0;\r\n}\r\n","components/amp/css/header":".amp-menu-button {\r\n    background-color: transparent;\r\n    background-image: url('data:image/svg+xml;utf8,<svg xmlns=\"http://www.w3.org/2000/svg\" viewBox=\"-3 -6 24 24\"><path fill=\"%234f4f4f\" d=\"M0 12h18v-2H0v2M0 7h18V5H0v2M0 0v2h18V0H0\"/></svg>');\r\n    background-repeat: no-repeat;\r\n    background-size: 2rem 1.8rem;\r\n    background-position: center center;\r\n    width: 3.92857rem;\r\n    height: 3.92857rem;\r\n    cursor: pointer;\r\n    align-self: center;\r\n    font-size: 0;\r\n    border: 0;\r\n    flex-shrink: 0;\r\n}\r\n\r\n.amp-header {\r\n    background-color: #fff;\r\n    border-bottom: 1px solid #e8e8e8;\r\n    position: fixed;\r\n    top: 0;\r\n    width: 100%;\r\n    height: 55px;\r\n    z-index: 20;\r\n    display: flex;\r\n    align-items: center;\r\n}\r\n\r\n.amp-header-logo {\r\n    display: flex;\r\n    justify-content: center;\r\n    align-items: center;\r\n    flex-grow: 1;\r\n    max-height: 55px;\r\n    padding-right: 3.92857rem;\r\n}\r\n\r\n.amp-header-link {\r\n    display: inline-block;\r\n    text-decoration: none;\r\n    vertical-align: middle;\r\n}\r\n\r\n.amp-header-link amp-img {\r\n    max-height: 55px;\r\n}\r\n\r\n.amp-header-link amp-img img {\r\n    min-width: auto;\r\n    width: auto;\r\n}\r\n\r\n.amp-empty-space {\r\n    width: 3.92857rem;\r\n}\r\n\r\n.amp-header-logo-text {\r\n    display: block;\r\n    font-family: \"Montserrat\", Arial, Helvetica, sans-serif;\r\n    font-size: 20px;\r\n    font-weight: 300;\r\n    letter-spacing: .15714rem;\r\n    margin-left: auto;\r\n    margin-right: auto;\r\n    overflow: hidden;\r\n    padding: .21429rem 0;\r\n    text-overflow: ellipsis;\r\n    text-transform: uppercase;\r\n    white-space: nowrap\r\n}\r\n\r\n.banners {\r\n    background-color: #4f4f4f;\r\n    color: #fff;\r\n    padding: .78571rem 0;\r\n    text-align: center\r\n}\r\n.banners p:last-child {\r\n    margin-bottom: 0\r\n}\r\n.banners a {\r\n    color: #fff\r\n}\r\n.banner {\r\n    margin: 0 auto;\r\n    max-width: 85.71429rem;\r\n    width: 100%\r\n}\r\n.banner:before,\r\n.banner:after {\r\n    content: \" \";\r\n    display: table\r\n}\r\n.banner:after {\r\n    clear: both\r\n}\r\n.banner + .banner {\r\n    margin-top: 1.5rem\r\n}\r\n\r\n\r\n.form-fieldset {\r\n    border-width: 0;\r\n    margin: 0;\r\n    padding: 0\r\n}\r\n\r\n\r\n.form-input {\r\n    appearance: none;\r\n    background-color: #fff;\r\n    border-color: #dfdfdf;\r\n    border-style: solid;\r\n    border-width: 1px;\r\n    border-radius: 4px;\r\n    color: #454545;\r\n    display: block;\r\n    font-family: inherit;\r\n    font-size: 1rem;\r\n    font-smoothing: antialiased;\r\n    height: 3rem;\r\n    margin: 0;\r\n    padding: .75rem 1rem;\r\n    transition: border-color 100ms ease-out;\r\n}\r\n.form-input:disabled {\r\n    background-color: #fff;\r\n    color: #a5a5a5;\r\n    cursor: not-allowed\r\n}\r\n.form-input[readonly] {\r\n    background-color: #f8f8f8;\r\n    border-color: #454545;\r\n    color: #989898;\r\n    cursor: text\r\n}\r\n.form-input:focus {\r\n    border-color: #989898;\r\n    outline: none\r\n}\r\n\r\n.navPages {\r\n    background-color: #f2f2f2;\r\n    height: 100%;\r\n    overflow-y: auto;\r\n    padding: 1.5rem\r\n}\r\n\r\n.navPages-list {\r\n    margin: .78571rem 0 0;\r\n    padding: 0;\r\n    list-style: none;\r\n}\r\n.navPages-list + .navPages-list {\r\n    border-top: 1px solid #dfdfdf;\r\n    padding-top: .78571rem\r\n}\r\n.navPages-action {\r\n    display: block;\r\n    font-size: 15px;\r\n    font-weight: 700;\r\n    padding: .78571rem 0;\r\n    text-decoration: none;\r\n    text-transform: uppercase\r\n}","components/amp/products/card":"<!--TODO: Art move to another component-->\r\n{{#if node.entityId}}\r\n    <a href=\"/cart.php?action=add&product_id={{node.entityId}}\"\r\n       class=\"card-figure__link\"\r\n       {{#if settings.data_tag_enabled}} data-event-type=\"product-click\" {{/if}}>\r\n        <div class=\"card-img-container\">\r\n            {{> components/common/responsive-img\r\n                        image=image\r\n                        class=\"card-image\"\r\n                        fallback_size=theme_settings.productgallery_size\r\n                        lazyload=theme_settings.lazyload_mode\r\n                        default_image=theme_settings.default_image_product\r\n            }}\r\n        </div>\r\n    </a>\r\n{{/if}}\r\n\r\n<article class=\"card {{#if alternate}}card--alternate{{/if}}\">\r\n    <figure class=\"card-figure\">\r\n        {{#or price.sale_price_with_tax.value price.sale_price_without_tax.value}}\r\n        {{#if theme_settings.product_sale_badges}}\r\n        <div class=\"sale-sash\">\r\n            <span class=\"sale-text\">On Sale!</span>\r\n        </div>\r\n        {{/if}}\r\n        {{/or}}\r\n        \r\n        <a data-vars-product-link=\"{{url}}\" data-vars-product-id=\"{{id}}\" data-vars-product-name=\"{{name}}\" href=\"{{url}}\">\r\n            <amp-img class=\"card-image\" src=\"{{getImage image 'productgallery_size' (cdn theme_settings.default_image_product)}}\" width=\"{{first (split theme_settings.productgallery_size 'x')}}\" height=\"{{last (split theme_settings.productgallery_size 'x')}}\" layout=\"responsive\" alt=\"{{image.alt}}\"></amp-img>\r\n        </a>\r\n    </figure>\r\n    <div class=\"card-body\">\r\n        {{#and rating show_rating}}\r\n        <p class=\"card-text\" data-test-info-type=\"productRating\">\r\n            <span class=\"rating--small\">\r\n                {{> components/amp/products/ratings rating_target=name rating=rating}}\r\n            </span>\r\n        </p>\r\n        {{/and}}\r\n        {{#if brand.name}}\r\n        <p class=\"card-text\" data-test-info-type=\"brandName\">{{brand.name}}</p>\r\n        {{/if}}\r\n        <h3 class=\"card-title\">\r\n            <a data-vars-product-link=\"{{url}}\" data-vars-product-id=\"{{id}}\" data-vars-product-name=\"{{name}}\" href=\"{{url}}\">{{name}}</a>\r\n        </h3>\r\n\r\n        <div class=\"card-text\" data-test-info-type=\"price\">\r\n            {{#or customer (if theme_settings.restrict_to_login '!==' true)}}\r\n            {{> components/products/price price=price customer=customer}}\r\n            {{else}}\r\n            {{> components/common/login-for-pricing}}\r\n            {{/or}}\r\n        </div>\r\n    </div>\r\n</article>\r\n","components/amp/products/grid":"<ul class=\"productGrid\">\r\n    {{#each products}}\r\n    <li class=\"product\">\r\n        {{>components/amp/products/card  settings=../settings show_rating=../settings.show_product_rating theme_settings=../theme_settings customer=../customer}}\r\n    </li>\r\n    {{/each}}\r\n</ul>\r\n","components/amp/products/list":"<ul class=\"productList\">\r\n    {{#each products}}\r\n\t    <li class=\"product\">\r\n\t        {{>components/amp/products/list-item settings=../settings show_rating=../settings.show_product_rating theme_settings=../theme_settings}}\r\n\t    </li>\r\n    {{/each}}\r\n</ul>\r\n","components/amp/products/list-item":"<article class=\"listItem\">\r\n    <figure class=\"listItem-figure\">\r\n        <amp-img src=\"{{getImage image 'productgallery_size' (cdn theme_settings.default_image_product)}}\" width=\"{{first (split theme_settings.productgallery_size 'x')}}\" height=\"{{last (split theme_settings.productgallery_size 'x')}}\" layout=\"responsive\" alt=\"{{image.alt}}\"></amp-img>\r\n    </figure>\r\n    <div class=\"listItem-body\">\r\n        <div class=\"listItem-content\">\r\n            <div class=\"listItem-details\">\r\n                {{#if show_rating}}\r\n                    <p class=\"listItem-rating\">{{> components/amp/products/ratings rating_target=name rating=rating}}</p>\r\n                {{/if}}\r\n                {{#if brand.name}}\r\n                <p class=\"listItem-brand\">{{brand.name}}</p>\r\n                {{/if}}\r\n                <h4 class=\"listItem-title\">\r\n                    <a href=\"{{url}}\">{{name}}</a>\r\n                </h4>\r\n                {{#if summary}}\r\n                    <p class=\"listItem-summary\">{{summary}}</p>\r\n                {{/if}}\r\n            </div>\r\n            <div class=\"listItem-actions\">\r\n                {{#if price}}\r\n                    <div class=\"listItem-price\">{{> components/products/price price=price}}</div>\r\n                {{/if}}\r\n                {{#unless hide_add_to_cart}}\r\n                    {{#if has_options}}\r\n                        <a href=\"{{url}}\" class=\"button button--primary\" data-product-id=\"{{id}}\">{{lang \"products.choose_options\"}}</a>\r\n                    {{else}}\r\n                        {{#if out_of_stock_message }}\r\n                        <span href=\"{{url}}\" class=\"button button--primary\">{{out_of_stock_message}}</span>\r\n                        {{else}}\r\n                        <a href=\"{{add_to_cart_url}}\" {{#if settings.data_tag_enabled}} data-event-type=\"product-click\" {{/if}} class=\"button button--primary\">{{lang \"products.add_to_cart\"}}</a>\r\n                        {{/if}}\r\n                    {{/if}}\r\n                {{/unless}}\r\n            </div>\r\n        </div>\r\n    </div>\r\n</article>\r\n","components/amp/products/ratings":"<span role=\"img\"\r\n    {{#if rating_target}}\r\n      aria-label=\"{{lang 'products.reviews.rating_aria_label' rating_target=rating_target current_rating=rating max_rating=5}}\"\r\n    {{else}}\r\n      aria-label=\"{{lang 'products.reviews.rating_aria_label' rating_target='Product' current_rating=rating max_rating=5}}\"\r\n    {{/if}}\r\n>\r\n    {{#for 1 5}}\r\n        {{#if ../this.rating '>=' $index}}\r\n            <span class=\"icon icon--ratingFull\">\r\n                <svg xmlns=\"http://www.w3.org/2000/svg\" width=\"26\" height=\"28\" viewBox=\"0 0 26 28\"><path d=\"M0 10.11q0-.58.875-.72L8.72 8.25l3.515-7.11Q12.532.5 13 .5t.767.64l3.516 7.11 7.844 1.14q.875.14.875.72 0 .343-.406.75l-5.672 5.53 1.344 7.812q.016.11.016.313 0 .328-.164.555t-.477.227q-.297 0-.625-.187l-7.016-3.687-7.016 3.687q-.344.187-.625.187-.327 0-.49-.227t-.165-.555q0-.094.03-.313L6.08 16.39.392 10.86q-.39-.423-.39-.75z\"/></svg>\r\n            </span>\r\n        {{else}}\r\n            <span class=\"icon icon--ratingEmpty\">\r\n                <svg xmlns=\"http://www.w3.org/2000/svg\" width=\"26\" height=\"28\" viewBox=\"0 0 26 28\"><path d=\"M0 10.11q0-.58.875-.72L8.72 8.25l3.515-7.11Q12.532.5 13 .5t.767.64l3.516 7.11 7.844 1.14q.875.14.875.72 0 .343-.406.75l-5.672 5.53 1.344 7.812q.016.11.016.313 0 .328-.164.555t-.477.227q-.297 0-.625-.187l-7.016-3.687-7.016 3.687q-.344.187-.625.187-.327 0-.49-.227t-.165-.555q0-.094.03-.313L6.08 16.39.392 10.86q-.39-.423-.39-.75z\"/></svg>\r\n            </span>\r\n        {{/if}}\r\n    {{/for}}\r\n</span>\r\n","components/common/login-for-pricing":"<p translate>{{lang 'common.login_for_pricing'}}</p>\r\n","components/common/navigation-list":"{{#if children}}\r\n<a class=\"navPages-action has-subMenu{{#if is_active}} activePage{{/if}}\"\r\n   href=\"{{url}}\"\r\n   data-collapsible=\"navPages-{{id}}\"\r\n>\r\n    {{name}}\r\n\r\n    <i class=\"icon navPages-action-moreIcon\" aria-hidden=\"true\">\r\n        <svg><use xlink:href=\"#icon-chevron-down\" /></svg>\r\n    </i>\r\n</a>\r\n\r\n\r\n\r\n<div class=\"navPage-subMenu\" id=\"navPages-{{id}}\" aria-hidden=\"true\" tabindex=\"-1\">\r\n      {{# if name '===' 'First Aid Training'}}\r\n\r\n    <h2>All First Aid Training</h2>\r\n    <ul class=\"navPage-subMenu-list\">\r\n            <li class=\"navPage-subMenu-item\">\r\n                    <h3>\r\n                        Popular Courses\r\n                    </h3>\r\n                    <ul class=\"navPage-childList is-open\" aria-hidden=\"false\">\r\n                        <li class=\"navPage-childList-item\">\r\n                            <a class=\"navPage-childList-action navPages-action\" href=\"/provide-first-aid-1-day\" aria-label=\"Provide First Aid\">\r\n                                Provide First Aid\r\n                            </a>\r\n                        </li>\r\n                        <li class=\"navPage-childList-item\">\r\n                            <a class=\"navPage-childList-action navPages-action\" href=\"/cpr\" aria-label=\"CPR\">\r\n                                CPR\r\n                            </a>\r\n                        </li>\r\n                        <li class=\"navPage-childList-item\">\r\n                            <a class=\"navPage-childList-action navPages-action\" href=\"/occupational-first-aid\" aria-label=\"Occupational First Aid\">\r\n                                Occupational First Aid\r\n                            </a>\r\n                        </li>\r\n                    </ul>\r\n            </li>\r\n            <li class=\"navPage-subMenu-item\">\r\n                    <h3>Categories</h3>\r\n                    <ul class=\"navPage-childList is-open\" aria-hidden=\"false\">\r\n                        <li class=\"navPage-childList-item\">\r\n                            <a class=\"navPage-childList-action navPages-action\" href=\"/first-aid-courses\" aria-label=\"All courses\">\r\n                                All courses\r\n                            </a>\r\n                        </li>\r\n                        <li class=\"navPage-childList-item\">\r\n                            <a class=\"navPage-childList-action navPages-action\" href=\"/first-aid-courses#first-aid-cpr\" aria-label=\"First aid and CPR courses\">\r\n                                First aid and CPR courses\r\n                            </a>\r\n                        </li>\r\n                        <li class=\"navPage-childList-item\">\r\n                            <a class=\"navPage-childList-action navPages-action\" href=\"/first-aid-courses#mental-health\" aria-label=\"Mental health courses\">\r\n                                Mental health courses\r\n                            </a>\r\n                        </li>\r\n                        <li class=\"navPage-childList-item\">\r\n                            <a class=\"navPage-childList-action navPages-action\" href=\"/first-aid-courses#specialised\" aria-label=\"Specialised courses\">\r\n                                Specialised courses\r\n                            </a>\r\n                        </li>\r\n                        <li class=\"navPage-childList-item\">\r\n                            <a class=\"navPage-childList-action navPages-action\" href=\"/first-aid-courses#occupational-first-aid\" aria-label=\"Occupational first aid courses\">\r\n                                Occupational first aid courses\r\n                            </a>\r\n                        </li>\r\n                        <li class=\"navPage-childList-item\">\r\n                            <a class=\"navPage-childList-action navPages-action\" href=\"/first-aid-courses#education-and-childcare\" aria-label=\"Education and childcare courses\">\r\n                                Education and childcare courses\r\n                            </a>\r\n                        </li>\r\n                        <li class=\"navPage-childList-item\">\r\n                            <a class=\"navPage-childList-action navPages-action\" href=\"/first-aid-courses#Electrical-remote-and-advanced\" aria-label=\"Electrical, remote and advanced courses\">\r\n                                Electrical, remote and advanced courses\r\n                            </a>\r\n                        </li>\r\n                    </ul>\r\n            </li>\r\n\t\t\t<li class=\"navPage-subMenu-item\">\r\n                    <h3>\r\n                        More\r\n                    </h3>\r\n                    <ul class=\"navPage-childList is-open\" aria-hidden=\"false\">\r\n                        <li class=\"navPage-childList-item\">\r\n                            <a class=\"navPage-childList-action navPages-action\" href=\"/which-course-is-for-me\" aria-label=\"Which course is right for me?\">\r\n                                Which course is right for me?\r\n                            </a>\r\n                        </li>\r\n                        <li class=\"navPage-childList-item\">\r\n                            <a class=\"navPage-childList-action navPages-action\" href=\"/venues-list\" aria-label=\"Our Venues\">\r\n                                Our Venues\r\n                            </a>\r\n                        </li>\r\n                        <li class=\"navPage-childList-item\">\r\n                            <a class=\"navPage-childList-action navPages-action\" href=\"/why-train-with-us\" aria-label=\"Why train with St John?\">\r\n                                Why train with St John?\r\n                            </a>\r\n                        </li>\r\n\t\t\t\t\t\t<li class=\"navPage-childList-item\">\r\n                            <a class=\"navPage-childList-action navPages-action\" href=\"/onsite-training\" aria-label=\"Onsite training\">\r\n                                Onsite training\r\n                            </a>\r\n                        </li>\r\n\t\t\t\t\t\t<li class=\"navPage-childList-item\">\r\n                            <a class=\"navPage-childList-action navPages-action\" href=\"/training-faqs\" aria-label=\"Training FAQs\">\r\n                                Training FAQs\r\n                            </a>\r\n                        </li>\r\n                    </ul>\r\n            </li>\r\n    </ul>  \r\n    {{else if name '===' 'Products' }}\r\n    <h2>All Products</h2>\r\n    <ul class=\"navPage-subMenu-list\">\r\n            <li class=\"navPage-subMenu-item\">\r\n                    <h3>Popular Categories</h3>\r\n                    <ul class=\"navPage-childList is-open\" aria-hidden=\"false\">\r\n                        <li class=\"navPage-childList-item\">\r\n                            <a class=\"navPage-childList-action navPages-action\" href=\"/products/first-aid-kits/\" aria-label=\"Personal first aid kits\">\r\n                                Personal first aid kits\r\n                            </a>\r\n                        </li>\r\n                        <li class=\"navPage-childList-item\">\r\n                            <a class=\"navPage-childList-action navPages-action\" href=\"/products/workplace-first-aid-kits/\" aria-label=\"First aid kits for the workplace\">\r\n                                First aid kits for the workplace\r\n                            </a>\r\n                        </li>\r\n                        <li class=\"navPage-childList-item\">\r\n                            <a class=\"navPage-childList-action navPages-action\" href=\"/products/defibrillators/\" aria-label=\"Defibrillators\">\r\n                                Defibrillators\r\n                            </a>\r\n                        </li>\r\n                    </ul>\r\n            </li>\r\n            <li class=\"navPage-subMenu-item\">\r\n                    <h3>Categories</h3>\r\n                    <ul class=\"navPage-childList is-open\" aria-hidden=\"false\">\r\n                        <li class=\"navPage-childList-item\">\r\n                            <a class=\"navPage-childList-action navPages-action\" href=\"/products/\" aria-label=\"All products\">\r\n                                All products\r\n                            </a>\r\n                        </li>\r\n\t\t\t\t\t\t<li class=\"navPage-childList-item\">\r\n                            <a class=\"navPage-childList-action navPages-action\" href=\"/products/first-aid-kits/\" aria-label=\"First Aid Kits\">\r\n                                First Aid Kits\r\n                            </a>\r\n                        </li>\r\n                        <li class=\"navPage-childList-item\">\r\n                            <a class=\"navPage-childList-action navPages-action\" href=\"/products/defibrillators/\" aria-label=\"Defibrillators\">\r\n                                Defibrillators\r\n                            </a>\r\n                        </li>\r\n                        <li class=\"navPage-childList-item\">\r\n                            <a class=\"navPage-childList-action navPages-action\" href=\"/products/workplace-first-aid-kits/\" aria-label=\"Workplace First Aid Kits\">\r\n                                Workplace First Aid Kits\r\n                            </a>\r\n                        </li>\r\n                        <li class=\"navPage-childList-item\">\r\n                            <a class=\"navPage-childList-action navPages-action\" href=\"/products/protective-equipment/\" aria-label=\"Protective Equipment\">\r\n                                Protective Equipment\r\n                            </a>\r\n                        </li>\r\n                        <li class=\"navPage-childList-item\">\r\n                            <a class=\"navPage-childList-action navPages-action\" href=\"/products/defibrillator-accessories/\" aria-label=\"Defibrillator Accessories\">\r\n                                Defibrillator Accessories\r\n                            </a>\r\n                        </li>\r\n                        <li class=\"navPage-childList-item\">\r\n                            <a class=\"navPage-childList-action navPages-action\" href=\"/products/first-aid-supplies-and-refills/\" aria-label=\"First Aid Supplies and Refills\">\r\n                                First Aid Supplies and Refills\r\n                            </a>\r\n                        </li>\r\n                        <li class=\"navPage-childList-item\">\r\n                            <a class=\"navPage-childList-action navPages-action\" href=\"/products/dressings-and-bandages/\" aria-label=\"Dressings and Bandages\">\r\n                                Dressings and Bandages\r\n                            </a>\r\n                        </li>\r\n                        <li class=\"navPage-childList-item\">\r\n                            <a class=\"navPage-childList-action navPages-action\" href=\"/products/first-aid-modules/\" aria-label=\"First Aid Modules\">\r\n                                First Aid Modules\r\n                            </a>\r\n                        </li>\r\n                        <li class=\"navPage-childList-item\">\r\n                            <a class=\"navPage-childList-action navPages-action\" href=\"/products/first-aid-signage/\" aria-label=\"First Aid Signage\">\r\n                                First Aid Signage\r\n                            </a>\r\n                        </li>\r\n                    </ul>\r\n            </li>\r\n            <li class=\"navPage-subMenu-item\">\r\n                    <h3>More</h3>\r\n                    <ul class=\"navPage-childList is-open\" aria-hidden=\"false\">\r\n                        <li class=\"navPage-childList-item\">\r\n                            <a class=\"navPage-childList-action navPages-action\" href=\"https://st-john-ambulance-australia-nsw.mybigcommerce.com/defibrillator-buying-guide\" aria-label=\"Defibrillator buying guide\">\r\n                                Defibrillator buying guide\r\n                            </a>\r\n                        </li>\r\n                        <li class=\"navPage-childList-item\">\r\n                            <a class=\"navPage-childList-action navPages-action\" href=\"#\" aria-label=\"Compare first aid kits\">\r\n                                Compare first aid kits\r\n                            </a>\r\n                        </li>\r\n                        <li class=\"navPage-childList-item\">\r\n                            <a class=\"navPage-childList-action navPages-action\" href=\"/restocking\" aria-label=\"Business restocking services\">\r\n                                Business restocking services\r\n                            </a>\r\n                        </li>\r\n                        <li class=\"navPage-childList-item\">\r\n                            <a class=\"navPage-childList-action navPages-action\" href=\"#\" aria-label=\"Is my workplace compliant?\">\r\n                                Is my workplace compliant?\r\n                            </a>\r\n                        </li>\r\n                        <li class=\"navPage-childList-item\">\r\n                            <a class=\"navPage-childList-action navPages-action\" href=\"/product-faqs\" aria-label=\"Product FAQs\">\r\n                                Product FAQs\r\n                            </a>\r\n                        </li>\r\n                    </ul>\r\n            </li>\r\n    </ul>\r\n    {{else}}\r\n    {{/if}}\r\n    \r\n    \r\n\r\n</div>\r\n\r\n\r\n{{else}}\r\n\r\n<a class=\"navPages-action {{#if name '===' 'What we do' }}has-subMenu{{/if}} {{#if name '===' 'For Events and Business' }}has-subMenu{{/if}} {{#if name '===' 'Get Involved' }}has-subMenu{{/if}} {{#if is_active}} activePage{{/if}}\"\r\n    href=\"{{url}}\"\r\n    aria-label=\"{{name}}\"\r\n    {{#if name '===' 'What we do' }} \r\n    data-collapsible=\"navPages-1\"\r\n    {{else if name '===' 'For Events and Business' }} \r\n    data-collapsible=\"navPages-3\"\r\n    {{else if name '===' 'Get Involved' }}\t\r\n    data-collapsible=\"navPages-4\"\r\n    {{/if}}\r\n>\r\n    {{#if name '===' 'Blog'}}\r\n        {{else}}\r\n        {{name}}\r\n        {{#if name '===' 'What we do' }} \r\n\t\t<i class=\"icon navPages-action-moreIcon\" aria-hidden=\"true\">\r\n        <svg><use xlink:href=\"#icon-chevron-down\" /></svg>\r\n\t\t</i>\r\n\t{{else if name '===' 'For Events and Business' }} \r\n\t\t\t<i class=\"icon navPages-action-moreIcon\" aria-hidden=\"true\">\r\n        <svg><use xlink:href=\"#icon-chevron-down\" /></svg>\r\n\t\t</i>\r\n\t{{else if name '===' 'Get Involved' }}\t\r\n\t\t\t<i class=\"icon navPages-action-moreIcon\" aria-hidden=\"true\">\r\n        <svg><use xlink:href=\"#icon-chevron-down\" /></svg>\r\n\t\t</i>\r\n    {{else}}\r\n    {{/if}}\r\n    {{/if}}\r\n</a>\r\n {{#if name '===' 'What we do' }}\r\n    <div class=\"navPage-subMenu\" id=\"navPages-1\" aria-hidden=\"true\" tabindex=\"-1\">\r\n    <h2>What we do</h2>\r\n    <ul class=\"navPage-subMenu-list\">\r\n            <li class=\"navPage-subMenu-item\">\r\n                    <h3>Impact</h3>\r\n                    <ul class=\"navPage-childList is-open\" aria-hidden=\"false\">\r\n                        <li class=\"navPage-childList-item\">\r\n                            <a class=\"navPage-childList-action navPages-action\" href=\"/impact\" aria-label=\"Our impact\">\r\n                                Our impact\r\n                            </a>\r\n                        </li>\r\n                        <li class=\"navPage-childList-item\">\r\n                            <a class=\"navPage-childList-action navPages-action\" href=\"/our-story\" aria-label=\"Our story\">\r\n                                Our story\r\n                            </a>\r\n                        </li>\r\n                        <li class=\"navPage-childList-item\">\r\n                            <a class=\"navPage-childList-action navPages-action\" href=\"https://www.stjohnnsw2025.com.au/\" aria-label=\"Our strategy\">\r\n                                Our strategy\r\n                            </a>\r\n                        </li>\r\n\t\t\t\t\t\t<li class=\"navPage-childList-item\">\r\n                            <a class=\"navPage-childList-action navPages-action\" href=\"/our-people\" aria-label=\"Our people\">\r\n                                Our people\r\n                            </a>\r\n                        </li>\r\n                    </ul>\r\n            </li>\r\n            <li class=\"navPage-subMenu-item\">\r\n                    <h3>Community Programs</h3>\r\n                    <ul class=\"navPage-childList is-open\" aria-hidden=\"false\">\r\n                        <li class=\"navPage-childList-item\">\r\n                            <a class=\"navPage-childList-action navPages-action\" href=\"/first-aid-in-schools\" aria-label=\"First Aid in Schools\">\r\n                                First Aid in Schools\r\n                            </a>\r\n                        </li>\r\n\t\t\t\t\t\t<li class=\"navPage-childList-item\">\r\n                            <a class=\"navPage-childList-action navPages-action\" href=\"/little-first-aiders\" aria-label=\"Little First Aiders\">\r\n                                Little First Aiders\r\n                            </a>\r\n                        </li>\r\n                        <li class=\"navPage-childList-item\">\r\n                            <a class=\"navPage-childList-action navPages-action\" href=\"/first-aid-at-events\" aria-label=\"First Aid at Events\">\r\n                                First Aid at Events\r\n                            </a>\r\n                        </li>\r\n                        <li class=\"navPage-childList-item\">\r\n                            <a class=\"navPage-childList-action navPages-action\" href=\"/first-aid-awareness\" aria-label=\"First Aid Awareness\">\r\n                                First Aid Awareness\r\n                            </a>\r\n                        </li>\r\n                    </ul>\r\n            </li>\r\n            <li class=\"navPage-subMenu-item\">\r\n                    <h3>Donate</h3>\r\n                    <ul class=\"navPage-childList is-open\" aria-hidden=\"false\">\r\n                        <li class=\"navPage-childList-item\">\r\n                            <a class=\"navPage-childList-action navPages-action\" href=\"/donate\" aria-label=\"Donate\">\r\n                                Donate\r\n                            </a>\r\n                        </li>\r\n                        <li class=\"navPage-childList-item\">\r\n                            <a class=\"navPage-childList-action navPages-action\" href=\"#\" aria-label=\"Where your money goes\">\r\n                                Where your money goes\r\n                            </a>\r\n                        </li>\r\n                    </ul>\r\n            </li>\r\n    </ul>\r\n</div>\r\n\r\n{{else if name '===' 'For Events and Business'}}\r\n    <div class=\"navPage-subMenu\" id=\"navPages-3\" aria-hidden=\"true\" tabindex=\"-1\">\r\n    <h2>For Events and Business</h2>\r\n    <ul class=\"navPage-subMenu-list\">\r\n            <li class=\"navPage-subMenu-item\">\r\n                    <h3>Events</h3>\r\n                    <ul class=\"navPage-childList is-open\" aria-hidden=\"false\">\r\n                        <li class=\"navPage-childList-item\">\r\n                            <a class=\"navPage-childList-action navPages-action\" href=\"/businesses-events-main-page\" aria-label=\"Business and events\">\r\n                                Business and events\r\n                            </a>\r\n                        </li>\r\n                        <li class=\"navPage-childList-item\">\r\n                            <a class=\"navPage-childList-action navPages-action\" href=\"/first-aid-at-events\" aria-label=\"First Aid at Events\">\r\n                                First Aid at Events\r\n                            </a>\r\n                        </li>\r\n                        <li class=\"navPage-childList-item\">\r\n                            <a class=\"navPage-childList-action navPages-action\" href=\"#\" aria-label=\"Enquire\">\r\n                                Enquire\r\n                            </a>\r\n                        </li>\r\n                    </ul>\r\n            </li>\r\n            <li class=\"navPage-subMenu-item\">\r\n                    <h3>Workplace Services</h3>\r\n                    <ul class=\"navPage-childList is-open\" aria-hidden=\"false\">\r\n                        <li class=\"navPage-childList-item\">\r\n                            <a class=\"navPage-childList-action navPages-action\" href=\"/restocking\" aria-label=\"Restocking service\">\r\n                                Restocking service\r\n                            </a>\r\n                        </li>\r\n\t\t\t\t\t\t<li class=\"navPage-childList-item\">\r\n                            <a class=\"navPage-childList-action navPages-action\" href=\"/event-volunteers\" aria-label=\"Onsite Training\">\r\n                                Onsite Training\r\n                            </a>\r\n                        </li>\r\n                        <li class=\"navPage-childList-item\">\r\n                            <a class=\"navPage-childList-action navPages-action\" href=\"#\" aria-label=\"Workplace assessments and audits\">\r\n                                Workplace assessments and audits\r\n                            </a>\r\n                        </li>\r\n                        <li class=\"navPage-childList-item\">\r\n                            <a class=\"navPage-childList-action navPages-action\" href=\"/health-services\" aria-label=\"Health Services\">\r\n                                Health Services\r\n                            </a>\r\n                        </li>\r\n                    </ul>\r\n            </li>\r\n            <li class=\"navPage-subMenu-item\">\r\n                    <h3>Accounts</h3>\r\n                    <ul class=\"navPage-childList is-open\" aria-hidden=\"false\">\r\n                        <li class=\"navPage-childList-item\">\r\n                            <a class=\"navPage-childList-action navPages-action\" href=\"/apply-for-a-business-invoicing-account\" aria-label=\"Apply for a business invoicing account\">\r\n                               Apply for a business invoicing account\r\n                            </a>\r\n                        </li>\r\n                    </ul>\r\n            </li>\r\n    </ul>\r\n</div>\r\n\r\n{{else if name '===' 'Get Involved'}}\r\n    <div class=\"navPage-subMenu\" id=\"navPages-4\" aria-hidden=\"true\" tabindex=\"-1\">\r\n    <h2>Get Involved</h2>\r\n    <ul class=\"navPage-subMenu-list\">\r\n            <li class=\"navPage-subMenu-item\">\r\n                    <h3>Donate</h3>\r\n                    <ul class=\"navPage-childList is-open\" aria-hidden=\"false\">\r\n                        <li class=\"navPage-childList-item\">\r\n                            <a class=\"navPage-childList-action navPages-action\" href=\"/donate\" aria-label=\"Donate\">\r\n                                Donate\r\n                            </a>\r\n                        </li>\r\n                        <li class=\"navPage-childList-item\">\r\n                            <a class=\"navPage-childList-action navPages-action\" href=\"#\" aria-label=\"Where your money goes\">\r\n                                Where your money goes\r\n                            </a>\r\n                        </li>\r\n                        <li class=\"navPage-childList-item\">\r\n                            <a class=\"navPage-childList-action navPages-action\" href=\"/bequest\" aria-label=\"Bequest\">\r\n                                Bequest\r\n                            </a>\r\n                        </li>\r\n                    </ul>\r\n            </li>\r\n            <li class=\"navPage-subMenu-item\">\r\n                    <h3>Volunteer</h3>\r\n                    <ul class=\"navPage-childList is-open\" aria-hidden=\"false\">\r\n                        <li class=\"navPage-childList-item\">\r\n                            <a class=\"navPage-childList-action navPages-action\" href=\"/ways-to-volunteer\" aria-label=\"Ways to volunteer\">\r\n                                Ways to volunteer\r\n                            </a>\r\n                        </li>\r\n\t\t\t\t\t\t<li class=\"navPage-childList-item\">\r\n                            <a class=\"navPage-childList-action navPages-action\" href=\"/event-volunteers\" aria-label=\"Over 18 (Rename to Event volunteers)\">\r\n                                Over 18 (Rename to Event volunteers)\r\n                            </a>\r\n                        </li>\r\n                        <li class=\"navPage-childList-item\">\r\n                            <a class=\"navPage-childList-action navPages-action\" href=\"/youth-and-cadets\" aria-label=\"Youth and Cadets\">\r\n                                Youth and Cadets\r\n                            </a>\r\n                        </li>\r\n                        <li class=\"navPage-childList-item\">\r\n                            <a class=\"navPage-childList-action navPages-action\" href=\"/divisions\" aria-label=\"Find your division\">\r\n                                Find your division\r\n                            </a>\r\n                        </li>\r\n\t\t\t\t\t\t<li class=\"navPage-childList-item\">\r\n                            <a class=\"navPage-childList-action navPages-action\" href=\"https://app.betterimpact.com/Application?OrganizationGuid=9cecbd4d-0b2d-40c0-8ee4-d4b3f5834610&ApplicationFormNumber=1\" aria-label=\"Apply to volunteer\">\r\n                                Apply to volunteer\r\n                            </a>\r\n                        </li>\r\n\t\t\t\t\t\t<li class=\"navPage-childList-item\">\r\n                            <a class=\"navPage-childList-action navPages-action\" href=\"https://www.stjohnmembers.com.au/\" aria-label=\"Volunteer login\">\r\n                                Volunteer login\r\n                            </a>\r\n                        </li>\r\n                    </ul>\r\n            </li>\r\n            <li class=\"navPage-subMenu-item\">\r\n                    <h3>Working at St John</h3>\r\n                    <ul class=\"navPage-childList is-open\" aria-hidden=\"false\">\r\n                        <li class=\"navPage-childList-item\">\r\n                            <a class=\"navPage-childList-action navPages-action\" href=\"/our-culture\" aria-label=\"Our culture\">\r\n                               Our culture \r\n                            </a>\r\n                        </li>\r\n                        <li class=\"navPage-childList-item\">\r\n                            <a class=\"navPage-childList-action navPages-action\" href=\"/work-at-st-john\" aria-label=\"Work at St John\">\r\n                                Work at St John\r\n                            </a>\r\n                        </li>\r\n\t\t\t\t\t\t<li class=\"navPage-childList-item\">\r\n                            <a class=\"navPage-childList-action navPages-action\" href=\"#\" aria-label=\"Open roles\">\r\n                                Open roles\r\n                            </a>\r\n                        </li>\r\n                    </ul>\r\n            </li>\r\n    </ul>\r\n</div>\r\n{{else}}\r\n\r\n    {{/if}}\r\n\r\n{{/if}}\r\n","components/common/responsive-img":"{{!--\r\nThis file implements the lazysizes srcset pattern (as seen on\r\nhttps://github.com/aFarkas/lazysizes#modern-transparent-srcset-pattern) for maximum performance on modern browsers\r\nand reasonable compatibility with legacy browsers.\r\n\r\nThere are a few important arguments to know about when using this component:\r\n`lazyload`:\r\n    - If set to 'lazyload+lqip', will load a low-res image which will be replaced by lazysizes - ensuring that SOME\r\n    content is shown immediately on page load. Without LQIP, a transparent gif will be used instead, which reduces\r\n    the number of requests needed to load the page, making it even faster.\r\n    - If set to 'lazyload', the browser will not load the full-size image at first, instead the lazysizes plugin will\r\n        load it progressively after page load. This improves the load speed of the page, but it should be disabled for\r\n        high-priority above-the-fold images.\r\n    - If set to 'disabled', will not attempt to lazyload the image and instead tell the browser to load it immediately.\r\n        Use this for high-priority images that are above the fold.\r\n\r\n`fallback_size`:\r\n    This is the size to use for this image in legacy browsers that do not support srcset.\r\n    Can be defined as a pixel bounding-box size (e.g. \"123x123) or inherent width (e.g. \"123w\").\r\n\r\n`class`:\r\n    The CSS classes to add to the image, e.g. \"card-image\". If lazyloading is enabled, all images will have the\r\n    \"lazyload\" class so that lazysizes will target them automatically.\r\n\r\n`otherAttributes`:\r\n    Any other HTML attributes you want on the img tag, for example \"height='100' width='100'\"\r\n\r\n`default_image`:\r\n    The default image to use if `image` is undefined or falsy. Should be a theme asset, usually defined as a relative\r\n    path in the theme config. If a default image is not provided, you'll get an image tag with no image if the primary\r\n    image is undefined.\r\n\r\n`lqip_size`:\r\n    If you want to specify a particular size for the LQIP image, you can do so with this argument. A default of 80\r\n    pixels wide will be used otherwise. This argument has no effect if the lazyload mode is not \"lazyload+lqip\".\r\n\r\n--}}\r\n<img {{#if image}}{{!-- Get the default image for legacy browsers that do not support srcset\r\n--}}src=\"{{getImageSrcset image 1x=(default fallback_size '160w')}}\" alt=\"{{image.alt}}\" title=\"{{image.alt}}\" {{!--\r\n  Allow lazysizes to generate the 'sizes' attribute automatically --}}data-sizes=\"auto\"\r\n  {{#unless lazyload '==' 'disabled'}}\r\n    {{#if lazyload '==' 'lazyload+lqip'}}\r\n    {{!-- If we want a LQIP, include it as the default srcset (will be overwritten by lazysizes) --}}\r\n    srcset=\"{{getImageSrcset image 1x=(default lqip_size '80w')}}\"\r\n    {{else}}\r\n      {{!-- If we don't want a LQIP, use a 1px transparent gif for the stand-in image\r\n            This requires no additional network request, so it's fast --}}\r\n    srcset=\"data:image/gif;base64,R0lGODlhAQABAIAAAP///wAAACH5BAEAAAAALAAAAAABAAEAAAICRAEAOw==\"\r\n    {{/if}}\r\n{{/unless}}\r\n{{!-- If lazyloading is disabled, just use \"srcset\". If it is not disabled, use \"data-srcset\" so lazysizes will use\r\n      this after page load --}}\r\n{{!--\r\nGenerate the srcset string using the default sizes defined in the helper. This will allow the browser to\r\npick the best-sized image based on its own understanding of how it will render the page.\r\n--}}\r\n{{#unless lazyload '==' 'disabled'}}data-{{/unless}}srcset=\"{{getImageSrcset image use_default_sizes=true }}\"\r\n{{else if default_image}}src=\"{{cdn default_image}}\" alt=\"{{lang 'products.card_default_image_alt'}}\"{{/if}}\r\nclass=\"{{#unless lazyload '==' 'disabled'}}lazyload{{/unless}}{{#if class}} {{class}}{{/if}}\"\r\n{{#if lazyload '==' 'lazyload'}}loading=\"lazy\"{{/if}}\r\n{{otherAttributes}} />\r\n","components/products/price":"{{!-- There are 2 code paths for generating the PDP pricing HTML determined by the following #and condition.\r\nIf a 'price_range' exists then we generate all HTML in price-range.html, otherwise it is defined here. Both code\r\npaths generate the same HTML structure with some differences in whether that element is displayed by default (css styling).\r\n\r\nIf you are making a change here or in price-range.html, you probably want to make that change in both files. --}}\r\n\r\n{{#and price.price_range (if theme_settings.price_ranges '==' true)}}\r\n    {{> components/products/price-range price=price}}\r\n{{else}}\r\n    {{#if price.with_tax}}\r\n        <div class=\"price-section price-section--withTax rrp-price--withTax\" {{#unless price.rrp_with_tax}}style=\"display: none;\"{{/unless}}>\r\n            <span>\r\n                {{> components/products/price-label\r\n                    label_value=theme_settings.pdp-retail-price-label\r\n                    fallback=(lang \"page_builder.pdp-retail-price-label\")\r\n                }}\r\n            </span>\r\n            <span data-product-rrp-with-tax class=\"price price--rrp\">\r\n                {{price.rrp_with_tax.formatted}}\r\n            </span>\r\n        </div>\r\n        <div class=\"price-section price-section--withTax non-sale-price--withTax\" {{#unless price.non_sale_price_with_tax}}style=\"display: none;\"{{/unless}}>\r\n            <!-- Price non sale label hide\r\n                <span>\r\n                    {{> components/products/price-label\r\n                        label_value=theme_settings.pdp-non-sale-price-label\r\n                        fallback=(lang \"page_builder.pdp-non-sale-price-label\")\r\n                    }}\r\n                </span>\r\n            -->\r\n            <span data-product-non-sale-price-with-tax class=\"price price--non-sale\">\r\n                {{price.non_sale_price_with_tax.formatted}}\r\n            </span>\r\n        </div>\r\n        <div class=\"price-section price-section--withTax st-john-price-section\">\r\n            <span class=\"price-label\" {{#if price.non_sale_price_with_tax}}style=\"display: none;\"{{/if}}>\r\n                {{theme_settings.pdp-price-label}}\r\n            </span>\r\n            <!--\r\n            <span class=\"price-now-label\" {{#unless price.non_sale_price_with_tax}}style=\"display: none;\"{{/unless}}>\r\n                {{> components/products/price-label\r\n                    label_value=theme_settings.pdp-sale-price-label\r\n                    fallback=(lang \"page_builder.pdp-sale-price-label\")\r\n                }}\r\n            </span>\r\n            -->\r\n            <span data-product-price-with-tax class=\"price price--withTax\">{{price.with_tax.formatted}}</span>\r\n            {{#if price.without_tax}}\r\n                <abbr title=\"{{lang 'products.including_tax'}}\">{{lang 'products.price_with_tax' tax_label=price.tax_label}}</abbr>\r\n            {{/if}}\r\n        </div>\r\n    {{/if}}\r\n    {{#if price.without_tax}}\r\n        <div class=\"price-section price-section--withoutTax rrp-price--withoutTax{{#if price.with_tax}} price-section--minor{{/if}}\" {{#unless price.rrp_without_tax}}style=\"display: none;\"{{/unless}}>\r\n            <span>\r\n                {{> components/products/price-label\r\n                    label_value=theme_settings.pdp-retail-price-label\r\n                    fallback=(lang \"page_builder.pdp-retail-price-label\")\r\n                }}\r\n            </span>\r\n            <span data-product-rrp-price-without-tax class=\"price price--rrp\">\r\n                {{price.rrp_without_tax.formatted}}\r\n            </span>\r\n        </div>\r\n        <div class=\"price-section price-section--withoutTax non-sale-price--withoutTax{{#if price.with_tax}} price-section--minor{{/if}}\" {{#unless price.non_sale_price_without_tax}}style=\"display: none;\"{{/unless}}>\r\n            <span>\r\n                {{> components/products/price-label\r\n                    label_value=theme_settings.pdp-non-sale-price-label\r\n                    fallback=(lang \"page_builder.pdp-non-sale-price-label\")\r\n                }}\r\n            </span>\r\n            <span data-product-non-sale-price-without-tax class=\"price price--non-sale\">\r\n                {{price.non_sale_price_without_tax.formatted}}\r\n            </span>\r\n        </div>\r\n        <div class=\"price-section price-section--withoutTax\">\r\n            <span class=\"price-label\" {{#if price.non_sale_price_without_tax}}style=\"display: none;\"{{/if}}>\r\n                {{theme_settings.pdp-price-label}}\r\n            </span>\r\n            <span class=\"price-now-label\" {{#unless price.non_sale_price_without_tax}}style=\"display: none;\"{{/unless}}>\r\n                {{> components/products/price-label\r\n                    label_value=theme_settings.pdp-sale-price-label\r\n                    fallback=(lang \"page_builder.pdp-sale-price-label\")\r\n                }}\r\n            </span>\r\n            <span data-product-price-without-tax class=\"price price--withoutTax{{#if price.with_tax}} price-section--minor{{/if}}\">{{price.without_tax.formatted}}</span>\r\n            {{#if price.with_tax}}\r\n                <abbr title=\"{{lang 'products.excluding_tax'}}\">{{lang 'products.price_without_tax' tax_label=price.tax_label}}</abbr>\r\n            {{/if}}\r\n        </div>\r\n    {{/if}}\r\n    {{#if page_type '===' 'product'}}\r\n         <div class=\"price-section price-section--saving price\" {{#unless price.saved}}style=\"display: none;\"{{/unless}}>\r\n                <span class=\"price\">{{lang 'products.you_save_opening_text'}}</span>\r\n                <span data-product-price-saved class=\"price price--saving\">\r\n                    {{price.saved.formatted}}\r\n                </span>\r\n                <span class=\"price\">{{lang 'products.you_save_closing_bracket'}}</span>\r\n         </div>\r\n    {{/if}}\r\n{{/and}}\r\n","components/products/price-label":"{{#if label_value '===' ''}}\r\n    {{fallback}}\r\n{{else}}\r\n    {{label_value}}\r\n{{/if}}\r\n","components/products/price-range":"{{#and price.retail_price_range.min.with_tax price.retail_price_range.max.with_tax}}\r\n    <div class=\"price-section price-section--withTax rrp-price--withTax\">\r\n        <span>\r\n            {{> components/products/price-label\r\n                label_value=theme_settings.pdp-retail-price-label\r\n                fallback=(lang \"page_builder.pdp-retail-price-label\")\r\n            }}\r\n        </span>\r\n        <span data-product-rrp-price-with-tax class=\"price price--rrp\">{{price.retail_price_range.min.with_tax.formatted}} - {{price.retail_price_range.max.with_tax.formatted}}</span>\r\n    </div>\r\n{{else}}\r\n    {{#if price.with_tax}}\r\n        <div class=\"price-section price-section--withTax rrp-price--withTax\" style=\"display: none;\">\r\n            <span>\r\n                {{> components/products/price-label\r\n                    label_value=theme_settings.pdp-retail-price-label\r\n                    fallback=(lang \"page_builder.pdp-retail-price-label\")\r\n                }}\r\n            </span>\r\n            <span data-product-rrp-with-tax class=\"price price--rrp\">\r\n                {{price.rrp_with_tax.formatted}}\r\n            </span>\r\n        </div>\r\n    {{/if}}\r\n{{/and}}\r\n{{#and price.price_range.min.with_tax price.price_range.max.with_tax}}\r\n    {{!-- Never display the \"non-sales price\" if there is a price range to be shown, but we do want the element on the page --}}\r\n    <div class=\"price-section price-section--withTax non-sale-price--withTax\" style=\"display: none;\">\r\n        <span>\r\n            {{> components/products/price-label\r\n                label_value=theme_settings.pdp-non-sale-price-label\r\n                fallback=(lang \"page_builder.pdp-non-sale-price-label\")\r\n            }}\r\n        </span>\r\n        <span data-product-non-sale-price-with-tax class=\"price price--non-sale\">\r\n            {{price.non_sale_price_with_tax.formatted}}\r\n        </span>\r\n    </div>\r\n    <div class=\"price-section price-section--withTax\">\r\n        <span class=\"price-label\">{{theme_settings.pdp-price-label}}</span>\r\n        <span class=\"price-now-label\" style=\"display: none;\">\r\n            {{> components/products/price-label\r\n                label_value=theme_settings.pdp-sale-price-label\r\n                fallback=(lang \"page_builder.pdp-sale-price-label\")\r\n            }}\r\n        </span>\r\n        <span data-product-price-with-tax class=\"price price--withTax\">{{price.price_range.min.with_tax.formatted}} - {{price.price_range.max.with_tax.formatted}}</span>\r\n        {{#and price.price_range.min.without_tax price.price_range.max.without_tax}}\r\n            <abbr title=\"{{lang 'products.including_tax'}}\">{{lang 'products.price_with_tax' tax_label=price.price_range.min.tax_label}}</abbr>\r\n        {{/and}}\r\n    </div>\r\n{{/and}}\r\n{{#and price.retail_price_range.min.without_tax price.retail_price_range.max.without_tax}}\r\n    <div class=\"price-section price-section--withoutTax rrp-price--withoutTax{{#if price.with_tax}} price-section--minor{{/if}}\">\r\n        <span>\r\n            {{> components/products/price-label\r\n                label_value=theme_settings.pdp-retail-price-label\r\n                fallback=(lang \"page_builder.pdp-retail-price-label\")\r\n            }}\r\n        </span>\r\n        <span data-product-rrp-price-without-tax class=\"price price--rrp\">{{price.retail_price_range.min.without_tax.formatted}} - {{price.retail_price_range.max.without_tax.formatted}}</span>\r\n    </div>\r\n{{else}}\r\n    {{#if price.without_tax}}\r\n        <div class=\"price-section price-section--withoutTax rrp-price--withoutTax{{#if price.with_tax}} price-section--minor{{/if}}\" style=\"display: none;\">\r\n            <span>\r\n                {{> components/products/price-label\r\n                    label_value=theme_settings.pdp-retail-price-label\r\n                    fallback=(lang \"page_builder.pdp-retail-price-label\")\r\n                }}\r\n            </span>\r\n            <span data-product-rrp-price-without-tax class=\"price price--rrp\">\r\n                {{price.rrp_without_tax.formatted}}\r\n            </span>\r\n        </div>\r\n    {{/if}}\r\n{{/and}}\r\n{{#and price.price_range.min.without_tax price.price_range.max.without_tax}}\r\n    {{!-- Never display the \"non-sales price\" if there is a price range to be shown, but we do want the element on the page --}}\r\n    <div class=\"price-section price-section--withoutTax non-sale-price--withoutTax{{#if price.with_tax}} price-section--minor{{/if}}\" style=\"display: none;\">\r\n        <span>\r\n            {{> components/products/price-label\r\n                label_value=theme_settings.pdp-non-sale-price-label\r\n                fallback=(lang \"page_builder.pdp-non-sale-price-label\")\r\n            }}\r\n        </span>\r\n        <span data-product-non-sale-price-without-tax class=\"price price--non-sale\">\r\n            {{price.non_sale_price_without_tax.formatted}}\r\n        </span>\r\n    </div>\r\n    <div class=\"price-section price-section--withoutTax{{#and price_range.min.with_tax price_range.max.with_tax}} price-section--minor{{/and}}\">\r\n        <span class=\"price-label\">{{theme_settings.pdp-price-label}}</span>\r\n        <span class=\"price-now-label\" style=\"display: none;\">\r\n            {{> components/products/price-label\r\n                label_value=theme_settings.pdp-sale-price-label\r\n                fallback=(lang \"page_builder.pdp-sale-price-label\")\r\n            }}\r\n        </span>\r\n        <span data-product-price-without-tax class=\"price price--withoutTax\">{{price.price_range.min.without_tax.formatted}} - {{price.price_range.max.without_tax.formatted}}</span>\r\n        {{#and price.price_range.min.with_tax price.price_range.max.with_tax}}\r\n            <abbr title=\"{{lang 'products.excluding_tax'}}\">{{lang 'products.price_without_tax' tax_label=price.price_range.min.tax_label}}</abbr>\r\n        {{/and}}\r\n    </div>\r\n{{/and}}\r\n\r\n{{!-- Never display the \"saving price\" element by default if there is a price range on the page to be shown --}}\r\n{{#if page_type '===' 'product'}}\r\n     <div class=\"price-section price-section--saving price\" style=\"display: none;\">\r\n            <span class=\"price\">{{lang 'products.you_save_opening_text'}}</span>\r\n            <span data-product-price-saved class=\"price price--saving\">\r\n                {{price.saved.formatted}}\r\n            </span>\r\n            <span class=\"price\">{{lang 'products.you_save_closing_bracket'}}</span>\r\n     </div>\r\n{{/if}}\r\n","layout/amp":"<!DOCTYPE html>\r\n<html amp class=\"no-js\" lang=\"{{ locale_name }}\">\r\n    <head>\r\n        <meta charset=\"utf-8\">\r\n        <script async src=\"https://cdn.ampproject.org/v0.js\"></script>\r\n        <meta name=\"viewport\" content=\"width=device-width, initial-scale=1\">\r\n        <style amp-boilerplate>body{-webkit-animation:-amp-start 8s steps(1,end) 0s 1 normal both;-moz-animation:-amp-start 8s steps(1,end) 0s 1 normal both;-ms-animation:-amp-start 8s steps(1,end) 0s 1 normal both;animation:-amp-start 8s steps(1,end) 0s 1 normal both}@-webkit-keyframes -amp-start{from{visibility:hidden}to{visibility:visible}}@-moz-keyframes -amp-start{from{visibility:hidden}to{visibility:visible}}@-ms-keyframes -amp-start{from{visibility:hidden}to{visibility:visible}}@-o-keyframes -amp-start{from{visibility:hidden}to{visibility:visible}}@keyframes -amp-start{from{visibility:hidden}to{visibility:visible}}</style><noscript><style amp-boilerplate>body{-webkit-animation:none;-moz-animation:none;-ms-animation:none;animation:none}</style></noscript>\r\n        <title>{{ head.title }}</title>\r\n        {{{ head.meta_tags }}}\r\n        {{{ head.config }}}\r\n        {{#block \"head\"}} {{/block}}\r\n        <link href=\"{{ head.favicon }}\" rel=\"shortcut icon\">\r\n        <link href=\"https://fonts.googleapis.com/css?family=Karla:400|Montserrat:400\" rel=\"stylesheet\">\r\n        {{#block \"amp-style\"}} {{/block}}\r\n        {{inject 'themeSettings' theme_settings}}\r\n        {{inject 'genericError' (lang 'common.generic_error')}}\r\n        {{inject 'maintenanceMode' settings.maintenance}}\r\n        {{inject 'urls' urls}}\r\n        <script async custom-element=\"amp-form\" src=\"https://cdn.ampproject.org/v0/amp-form-0.1.js\"></script>\r\n        <script async custom-element=\"amp-sidebar\" src=\"https://cdn.ampproject.org/v0/amp-sidebar-0.1.js\"></script>\r\n        {{#if settings.amp_analytics_id}}\r\n            <script async custom-element=\"amp-analytics\" src=\"https://cdn.ampproject.org/v0/amp-analytics-0.1.js\"></script>\r\n        {{/if}}\r\n        {{#block \"amp-scripts\"}}{{/block}}\r\n    </head>\r\n    <body>\r\n        {{#block \"page\"}} {{/block}}\r\n    </body>\r\n</html>\r\n","pages/amp/category":"---\r\ncategory:\r\n    shop_by_price: true\r\n    products:\r\n        limit: {{theme_settings.categorypage_products_per_page}}\r\n---\r\n{{inject \"categoryProductsPerPage\" theme_settings.categorypage_products_per_page}}\r\n{{#partial \"head\"}}\r\n    {{#if pagination.category.previous}}\r\n        <link rel=\"prev\" href=\"{{pagination.category.previous}}\">\r\n    {{/if}}\r\n    {{#if pagination.category.next}}\r\n        <link rel=\"next\" href=\"{{pagination.category.next}}\">\r\n    {{/if}}\r\n{{/partial}}\r\n{{#partial \"amp-style\"}}\r\n    {{> components/amp/category/styles }}\r\n{{/partial}}\r\n{{#partial \"page\"}}\r\n    {{> components/amp/common/header }}\r\n    {{#if category.image}}\r\n        <div class=\"categoryView-img\">\r\n            <amp-img src=\"{{getImage category.image 'zoom_size'}}\" width=\"300\" height=\"150\" layout=\"responsive\" alt=\"{{category.name}}\"></amp-img>\r\n        </div>\r\n    {{/if}}\r\n    <div class=\"container\">\r\n        <h1 class=\"categoryView-title\">\r\n            {{category.name}}\r\n        </h1>\r\n    </div>\r\n    <div class=\"page-content\" id=\"product-listing-container\">\r\n        {{#if category.products}}\r\n            {{> components/amp/category/product-listing}}\r\n        {{else}}\r\n            <p>{{lang 'categories.no_products'}}</p>\r\n        {{/if}}\r\n    </div>\r\n    {{> components/amp/category/subcategories}}\r\n    {{> components/amp/common/footer}}\r\n    {{#if settings.amp_analytics_id}}\r\n        <amp-analytics type=\"googleanalytics\">\r\n            <script type=\"application/json\">\r\n            {\r\n                \"vars\": {\r\n                    \"account\": \"{{settings.amp_analytics_id}}\"\r\n                },\r\n                \"extraUrlParams\": {\r\n                    \"cd1\": \"{{page_type}}\",\r\n                    \"cd2\": \"{{category.id}}\",\r\n                    \"cd3\": \"{{category.url}}\",\r\n                    \"cd4\": \"{{category.name}}\"\r\n                },\r\n                \"triggers\": {\r\n                    \"trackPageview\": {\r\n                        \"on\": \"visible\",\r\n                        \"request\": \"pageview\"\r\n                    },\r\n                    \"trackClickOnProductCard\" : {\r\n                        \"on\": \"click\",\r\n                        \"selector\": \".card-figure a, .card-title a\",\r\n                        \"request\": \"event\",\r\n                        \"vars\": {\r\n                            \"eventCategory\": \"Category\",\r\n                            \"eventAction\": \"Product Card\"\r\n                        },\r\n                        \"extraUrlParams\": {\r\n                            \"cd6\": \"${productLink}\",\r\n                            \"cd7\": \"${productId}\",\r\n                            \"cd8\": \"${productName}\"\r\n                        }\r\n                    }\r\n                }\r\n            }\r\n            </script>\r\n        </amp-analytics>\r\n    {{/if}}\r\n{{/partial}}\r\n{{> layout/amp}}\r\n"}
