{"components/amp/common/alert-error":"<div class=\"alertBox alertBox--error\">\r\n    <div class=\"alertBox-column alertBox-icon\">\r\n        <span class=\"icon\" aria-hidden=\"true\"><svg xmlns=\"http://www.w3.org/2000/svg\" width=\"24\" height=\"24\" viewBox=\"0 0 24 24\"><path d=\"M12 2C6.48 2 2 6.48 2 12s4.48 10 10 10 10-4.48 10-10S17.52 2 12 2zm1 15h-2v-2h2v2zm0-4h-2V7h2v6z\"></path></svg></span>\r\n    </div>\r\n    <p class=\"alertBox-column alertBox-message\">\r\n        <span>{{{this}}}</span>\r\n    </p>\r\n</div>\r\n","components/amp/common/alert-success":"<div class=\"alertBox alertBox--success\">\r\n    <div class=\"alertBox-column alertBox-icon\">\r\n        <span class=\"icon\" aria-hidden=\"true\"><svg xmlns=\"http://www.w3.org/2000/svg\" width=\"24\" height=\"24\" viewBox=\"0 0 24 24\"><path d=\"M12 2C6.48 2 2 6.48 2 12s4.48 10 10 10 10-4.48 10-10S17.52 2 12 2zm1 15h-2v-2h2v2zm0-4h-2V7h2v6z\"></path></svg></span>\r\n    </div>\r\n    <p class=\"alertBox-column alertBox-message\">\r\n        <span>{{{this}}}</span>\r\n    </p>\r\n</div>\r\n","components/amp/common/share":"{{#if settings.add_this.buttons}}\r\n    <ul class=\"socialLinks\" data-addthis:url=\"{{url}}\" data-addthis:title=\"{{title}}\">\r\n        {{#each settings.add_this.buttons}}\r\n            {{#all (if service '!==' 'google') (if service '!==' 'print') (if service '!==' 'facebook')}}\r\n                <li class=\"socialLinks-item socialLinks-item--{{service}}\">\r\n                    <amp-social-share class=\"amp-social-share\" data-vars-product-link=\"{{url}}\" data-vars-product-id=\"{{id}}\" data-vars-product-name=\"{{name}}\" data-vars-social-type=\"{{service}}\" type=\"{{service}}\"></amp-social-share>\r\n                </li>\r\n            {{/all}}\r\n        {{/each}}\r\n    </ul>\r\n{{/if}}\r\n","components/amp/products/product-view":"<div class=\"productView\">\r\n    {{#each product.reviews.messages}}\r\n        {{#if error}}\r\n            {{>components/amp/common/alert-error error}}\r\n        {{/if}}\r\n        {{#if success}}\r\n            {{>components/amp/common/alert-success success}}\r\n        {{/if}}\r\n    {{/each}}\r\n\r\n    {{> components/amp/products/product-view-details}}\r\n    <section class=\"productView-images\" data-image-gallery>\r\n        <amp-carousel width=\"250\"\r\n            height=\"250\"\r\n            layout=\"responsive\"\r\n            autoplay\r\n            delay=\"5000\"\r\n            type=\"slides\">\r\n            {{#each product.images}}\r\n                <amp-img src=\"{{getImage this 'product_size' (cdn ../theme_settings.default_image_product)}}\"\r\n                    width=\"250\"\r\n                    height=\"250\"\r\n                    layout=\"responsive\"\r\n                    alt=\"{{this.alt}}\">\r\n                </amp-img>\r\n            {{/each}}\r\n        </amp-carousel>\r\n    </section>\r\n    <div class=\"productView-action\">\r\n        {{#or customer (if theme_settings.restrict_to_login '!==' true)}}\r\n            <amp-iframe height=\"400\" width=\"250\"\r\n                layout=\"responsive\"\r\n                sandbox=\"allow-forms allow-pointer-lock allow-popups allow-same-origin allow-scripts allow-top-navigation allow-modals\"\r\n                resizable\r\n                src=\"{{product.amp_options_url}}\">\r\n                <div class=\"button button--primary button--wide\" overflow tabindex=\"0\" role=\"button\">Choose Options</div>\r\n            </amp-iframe>\r\n        {{/or}}\r\n        {{#if product.out_of_stock}}\r\n            {{#if product.out_of_stock_message}}\r\n                {{>components/amp/common/alert-error product.out_of_stock_message}}\r\n            {{else}}\r\n                {{>components/amp/common/alert-error (lang 'products.sold_out')}}\r\n            {{/if}}\r\n        {{/if}}\r\n    </div>\r\n\r\n    <amp-accordion class=\"productAccordion-wrapper\">\r\n        {{#if product.description}}\r\n            <section expanded class=\"productAccordion\">\r\n                <h4 class=\"productAccordion-title\">Description</h4>\r\n                <div class=\"productAccordion-content\">\r\n                    {{{product.description}}}\r\n                </div>\r\n            </section>\r\n        {{/if}}\r\n        {{#if product.videos.list.length}}\r\n            {{> components/amp/products/videos product.videos}}\r\n        {{/if}}\r\n        {{#if settings.show_product_reviews}}\r\n            {{> components/amp/products/reviews reviews=product.reviews product=product urls=urls}}\r\n        {{/if}}\r\n        {{#if settings.add_this.buttons}}\r\n            <section expanded class=\"productAccordion\">\r\n                <h4 class=\"productAccordion-title\">Share</h4>\r\n                <div class=\"productAccordion-content social-share\">\r\n                    {{> components/amp/common/share }}\r\n                </div>\r\n            </section>\r\n        {{/if}}\r\n    </amp-accordion>\r\n</div>\r\n","components/amp/products/product-view-details":"<section class=\"productView-details\">\r\n    <div class=\"productView-product\">\r\n        <h1 class=\"productView-title\">{{product.title}}</h1>\r\n        {{#if product.brand }}\r\n        <h2 class=\"productView-brand\">\r\n            <a href=\"{{product.brand.url}}\"><span>{{product.brand.name}}</span></a>\r\n        </h2>\r\n        {{/if}}\r\n        {{#if product.call_for_price}}\r\n            <p class=\"productView-price\">\r\n                <span>{{product.call_for_price}}</span>\r\n            </p>\r\n        {{/if}}\r\n        {{#if product.price}}\r\n            <div class=\"productView-price\">\r\n                {{> components/products/price price=product.price}}\r\n            </div>\r\n        {{/if}}\r\n        {{product.detail_messages}}\r\n        {{#if settings.show_product_rating}}\r\n            {{> components/amp/products/ratings rating=product.rating}}\r\n        {{/if}}\r\n        {{#if product.release_date }}\r\n            <p>{{product.release_date}}</p>\r\n        {{/if}}\r\n        <dl class=\"productView-info\">\r\n            {{#if product.sku}}\r\n                <dt class=\"productView-info-name\">{{lang 'products.sku'}}</dt>\r\n                <dd class=\"productView-info-value\" data-product-sku>{{product.sku}}</dd>\r\n            {{/if}}\r\n            {{#if product.upc}}\r\n                <dt class=\"productView-info-name\">{{lang 'products.upc'}}</dt>\r\n                <dd class=\"productView-info-value\" data-product-upc>{{product.upc}}</dd>\r\n            {{/if}}\r\n            {{#if product.condition}}\r\n                <dt class=\"productView-info-name\">{{lang 'products.condition'}}</dt>\r\n                <dd class=\"productView-info-value\">{{product.condition}}</dd>\r\n            {{/if}}\r\n            {{#if product.availability}}\r\n                <dt class=\"productView-info-name\">{{lang 'products.availability'}}</dt>\r\n                <dd class=\"productView-info-value\">{{product.availability}}</dd>\r\n            {{/if}}\r\n            {{#if product.weight}}\r\n                <dt class=\"productView-info-name\">{{lang 'products.weight'}}</dt>\r\n                <dd class=\"productView-info-value\" data-product-weight>{{product.weight}}</dd>\r\n            {{/if}}\r\n            {{#if product.min_purchase_quantity}}\r\n                <dt class=\"productView-info-name\">{{lang 'products.min_purchase_quantity'}}</dt>\r\n                <dd class=\"productView-info-value\">{{lang 'products.purchase_units' quantity=product.min_purchase_quantity}}</dd>\r\n            {{/if}}\r\n            {{#if product.max_purchase_quantity}}\r\n                <dt class=\"productView-info-name\">{{lang 'products.max_purchase_quantity'}}</dt>\r\n                <dd class=\"productView-info-value\">{{lang 'products.purchase_units' quantity=product.max_purchase_quantity}}</dd>\r\n            {{/if}}\r\n            {{#if product.gift_wrapping_available}}\r\n                <dt class=\"productView-info-name\">{{lang 'products.gift_wrapping'}}</dt>\r\n                <dd class=\"productView-info-value\">{{lang 'products.gift_wrapping_available'}}</dd>\r\n            {{/if}}\r\n            {{#if product.shipping}}\r\n                {{#if product.shipping.calculated}}\r\n                    <dt class=\"productView-info-name\">{{lang 'products.shipping'}}</dt>\r\n                    <dd class=\"productView-info-value\">{{lang 'products.shipping_calculated'}}</dd>\r\n                {{else}}\r\n                    {{#if product.shipping.price.value '===' 0}}\r\n                        <dt class=\"productView-info-name\">{{lang 'products.shipping'}}</dt>\r\n                        <dd class=\"productView-info-value\">{{lang 'products.shipping_free'}}</dd>\r\n                    {{else}}\r\n                        <dt class=\"productView-info-name\">{{lang 'products.shipping'}}</dt>\r\n                        <dd class=\"productView-info-value\">{{lang 'products.shipping_fixed' amount=product.shipping.price.formatted}}</dd>\r\n                    {{/if}}\r\n                {{/if}}\r\n            {{/if}}\r\n            {{#if product.bulk_discount_rates.length}}\r\n                <dt class=\"productView-info-name\">{{lang 'products.bulk_pricing.title'}}</dt>\r\n                <dd class=\"productView-info-value\">\r\n                    <a href=\"{{product.url}}\"\r\n                        {{#unless is_ajax }}data-reveal-id=\"bulkPricingModal\" {{/unless}}>\r\n                        {{lang 'products.bulk_pricing.view'}}\r\n                    </a>\r\n                </dd>\r\n\r\n                <div id=\"bulkPricingModal\" class=\"modal modal--small\" data-reveal>\r\n                    <div class=\"modal-header\">\r\n                        <h2 class=\"modal-header-title\">{{lang 'products.bulk_pricing.modal_title'}}</h2>\r\n                        {{> components/common/modal/modal-close-btn}}\r\n                    </div>\r\n                    <div class=\"modal-body\">\r\n                        <p>{{lang 'products.bulk_pricing.instructions'}}</p>\r\n                        <ul>\r\n                        {{#each product.bulk_discount_rates}}\r\n                            <li>\r\n                                {{lang 'products.bulk_pricing.range' min=min max=max}}\r\n                                {{#if type '===' 'percent'}}\r\n                                    {{lang 'products.bulk_pricing.percent' discount=discount.formatted}}\r\n                                {{else if type '===' 'fixed'}}\r\n                                    {{lang 'products.bulk_pricing.fixed' discount=discount.formatted}}\r\n                                {{else if type '===' 'price'}}\r\n                                    {{lang 'products.bulk_pricing.price' discount=discount.formatted}}\r\n                                {{/if}}\r\n                            </li>\r\n                        {{/each}}\r\n                        </ul>\r\n                    </div>\r\n                </div>\r\n            {{/if}}\r\n\r\n            {{> components/products/custom-fields }}\r\n        </dl>\r\n    </div>\r\n</section>\r\n","components/amp/products/ratings":"<span role=\"img\"\r\n    {{#if rating_target}}\r\n      aria-label=\"{{lang 'products.reviews.rating_aria_label' rating_target=rating_target current_rating=rating max_rating=5}}\"\r\n    {{else}}\r\n      aria-label=\"{{lang 'products.reviews.rating_aria_label' rating_target='Product' current_rating=rating max_rating=5}}\"\r\n    {{/if}}\r\n>\r\n    {{#for 1 5}}\r\n        {{#if ../this.rating '>=' $index}}\r\n            <span class=\"icon icon--ratingFull\">\r\n                <svg xmlns=\"http://www.w3.org/2000/svg\" width=\"26\" height=\"28\" viewBox=\"0 0 26 28\"><path d=\"M0 10.11q0-.58.875-.72L8.72 8.25l3.515-7.11Q12.532.5 13 .5t.767.64l3.516 7.11 7.844 1.14q.875.14.875.72 0 .343-.406.75l-5.672 5.53 1.344 7.812q.016.11.016.313 0 .328-.164.555t-.477.227q-.297 0-.625-.187l-7.016-3.687-7.016 3.687q-.344.187-.625.187-.327 0-.49-.227t-.165-.555q0-.094.03-.313L6.08 16.39.392 10.86q-.39-.423-.39-.75z\"/></svg>\r\n            </span>\r\n        {{else}}\r\n            <span class=\"icon icon--ratingEmpty\">\r\n                <svg xmlns=\"http://www.w3.org/2000/svg\" width=\"26\" height=\"28\" viewBox=\"0 0 26 28\"><path d=\"M0 10.11q0-.58.875-.72L8.72 8.25l3.515-7.11Q12.532.5 13 .5t.767.64l3.516 7.11 7.844 1.14q.875.14.875.72 0 .343-.406.75l-5.672 5.53 1.344 7.812q.016.11.016.313 0 .328-.164.555t-.477.227q-.297 0-.625-.187l-7.016-3.687-7.016 3.687q-.344.187-.625.187-.327 0-.49-.227t-.165-.555q0-.094.03-.313L6.08 16.39.392 10.86q-.39-.423-.39-.75z\"/></svg>\r\n            </span>\r\n        {{/if}}\r\n    {{/for}}\r\n</span>\r\n","components/amp/products/reviews":"{{#if reviews.total}}\r\n    <section expanded class=\"productAccordion\">\r\n        <h4 class=\"productAccordion-title\">\r\n            {{lang 'products.reviews.header' total=reviews.total}}\r\n        </h4>\r\n        <div class=\"productAccordion-content\">\r\n            <ul class=\"productReviews-list\" id=\"productReviews-list\">\r\n                {{#each reviews.list}}\r\n                <li class=\"productReview\">\r\n                    <article>\r\n                        <header>\r\n                            <span class=\"productReview-rating rating--small\">\r\n                                {{> components/amp/products/ratings rating=rating}}\r\n                                <span class=\"productReview-ratingNumber\">{{ rating }}</span>\r\n                            </span>\r\n                            <h5 class=\"productReview-title\">{{ title }}</h5>\r\n                            {{#if name}}\r\n                                <p class=\"productReview-author\">\r\n                                    {{lang 'products.reviews.post_on_by' date=date name=name }}\r\n                                </p>\r\n                            {{else}}\r\n                                <p class=\"productReview-author\">\r\n                                    {{lang 'products.reviews.post_on_by' date=date name=(lang 'products.reviews.anonymous_poster')}}\r\n                                </p>\r\n                            {{/if}}\r\n                        </header>\r\n                        <p class=\"productReview-body\">{{nl2br text}}</p>\r\n                    </article>\r\n                </li>\r\n                {{/each}}\r\n            </ul>\r\n            {{> components/common/paginator pagination.reviews}}\r\n        </div>\r\n    </section>\r\n{{/if}}\r\n","components/amp/products/videos":"<section expanded class=\"productAccordion\" data-video-gallery>\r\n    <h4 class=\"productAccordion-title\">\r\n        {{lang 'products.videos.header'}}\r\n    </h4>\r\n    <div class=\"productAccordion-content\">\r\n        <amp-carousel width=\"640\"\r\n            height=\"490\"\r\n            layout=\"responsive\"\r\n            type=\"slides\">\r\n            {{#each this.list}}\r\n                <div>\r\n                    <div>\r\n                        <amp-youtube\r\n                            data-videoid=\"{{id}}\"\r\n                            layout=\"responsive\"\r\n                            width=\"640\"\r\n                            height=\"390\">\r\n                        </amp-youtube>\r\n                    </div>\r\n                    <div class=\"video-body\">\r\n                        <h5 class=\"video-title\">{{title_long}}</h5>\r\n                        <p class=\"video-description\">{{description_short}}</p>\r\n                    </div>\r\n                </div>\r\n            {{/each}}\r\n        </amp-carousel>\r\n    </div>\r\n</section>\r\n","components/common/modal/modal-close-btn":"<button class=\"modal-close\"\r\n        type=\"button\"\r\n        title=\"{{lang 'common.close'}}\"\r\n        {{additional_attr}}\r\n>\r\n    <span class=\"aria-description--hidden\">{{lang 'common.close'}}</span>\r\n    <span aria-hidden=\"true\">&#215;</span>\r\n</button>\r\n","components/common/paginator":"<nav class=\"pagination\" aria-label=\"pagination\">\r\n    <ul class=\"pagination-list\">\r\n        {{#if previous}}\r\n            <li class=\"pagination-item pagination-item--previous\">\r\n                <a class=\"pagination-link\"\r\n                   href=\"{{previous}}\"\r\n                   {{#unless reload}}data-faceted-search-facet{{/unless}}\r\n                   aria-label=\"{{lang 'common.previous'}}\"\r\n                >\r\n                    <i class=\"icon\" aria-hidden=\"true\">\r\n                        <svg>\r\n                            <use xmlns:xlink=\"http://www.w3.org/1999/xlink\" xlink:href=\"#icon-chevron-left\"></use>\r\n                        </svg>\r\n                    </i>\r\n                    {{lang 'common.previous'}}\r\n                </a>\r\n            </li>\r\n        {{/if}}\r\n        {{#each links}}\r\n            <li class=\"pagination-item {{#if this.number '==' ../current}}pagination-item--current{{/if}}\">\r\n                <a class=\"pagination-link\"\r\n                   href=\"{{this.url}}\"\r\n                   {{#unless reload}}data-faceted-search-facet{{/unless}}\r\n                   {{#if this.number '==' ../current}}\r\n                   aria-current=\"page\"\r\n                   data-pagination-current-page-link\r\n                   {{/if}}\r\n                   aria-label=\"{{lang 'common.paginator.page_of' current=this.number total=../links.length}}\"\r\n                >\r\n                    {{this.number}}\r\n                </a>\r\n            </li>\r\n        {{/each}}\r\n\r\n        {{#if next}}\r\n            <li class=\"pagination-item pagination-item--next\">\r\n                <a class=\"pagination-link\"\r\n                   href=\"{{next}}\"\r\n                   {{#unless reload}}data-faceted-search-facet{{/unless}}\r\n                   aria-label=\"{{lang 'common.next'}}\"\r\n                >\r\n                    {{lang 'common.next'}}\r\n                    <i class=\"icon\" aria-hidden=\"true\">\r\n                        <svg>\r\n                            <use xmlns:xlink=\"http://www.w3.org/1999/xlink\" xlink:href=\"#icon-chevron-right\"></use>\r\n                        </svg>\r\n                    </i>\r\n                </a>\r\n            </li>\r\n        {{/if}}\r\n    </ul>\r\n</nav>\r\n","components/products/custom-fields":"{{#each product.custom_fields}}\r\n<dt class=\"productView-info-name\">{{name}}:</dt>\r\n<dd class=\"productView-info-value\">{{{value}}}</dd>\r\n{{/each}}\r\n","components/products/price":"{{!-- There are 2 code paths for generating the PDP pricing HTML determined by the following #and condition.\r\nIf a 'price_range' exists then we generate all HTML in price-range.html, otherwise it is defined here. Both code\r\npaths generate the same HTML structure with some differences in whether that element is displayed by default (css styling).\r\n\r\nIf you are making a change here or in price-range.html, you probably want to make that change in both files. --}}\r\n\r\n{{#and price.price_range (if theme_settings.price_ranges '==' true)}}\r\n    {{> components/products/price-range price=price}}\r\n{{else}}\r\n    {{#if price.with_tax}}\r\n        <div class=\"price-section price-section--withTax rrp-price--withTax\" {{#unless price.rrp_with_tax}}style=\"display: none;\"{{/unless}}>\r\n            <span>\r\n                {{> components/products/price-label\r\n                    label_value=theme_settings.pdp-retail-price-label\r\n                    fallback=(lang \"page_builder.pdp-retail-price-label\")\r\n                }}\r\n            </span>\r\n            <span data-product-rrp-with-tax class=\"price price--rrp\">\r\n                {{price.rrp_with_tax.formatted}}\r\n            </span>\r\n        </div>\r\n        <div class=\"price-section price-section--withTax non-sale-price--withTax\" {{#unless price.non_sale_price_with_tax}}style=\"display: none;\"{{/unless}}>\r\n            <!-- Price non sale label hide\r\n                <span>\r\n                    {{> components/products/price-label\r\n                        label_value=theme_settings.pdp-non-sale-price-label\r\n                        fallback=(lang \"page_builder.pdp-non-sale-price-label\")\r\n                    }}\r\n                </span>\r\n            -->\r\n            <span data-product-non-sale-price-with-tax class=\"price price--non-sale\">\r\n                {{price.non_sale_price_with_tax.formatted}}\r\n            </span>\r\n        </div>\r\n        <div class=\"price-section price-section--withTax st-john-price-section\">\r\n            <span class=\"price-label\" {{#if price.non_sale_price_with_tax}}style=\"display: none;\"{{/if}}>\r\n                {{theme_settings.pdp-price-label}}\r\n            </span>\r\n            <!--\r\n            <span class=\"price-now-label\" {{#unless price.non_sale_price_with_tax}}style=\"display: none;\"{{/unless}}>\r\n                {{> components/products/price-label\r\n                    label_value=theme_settings.pdp-sale-price-label\r\n                    fallback=(lang \"page_builder.pdp-sale-price-label\")\r\n                }}\r\n            </span>\r\n            -->\r\n            <span data-product-price-with-tax class=\"price price--withTax\">{{price.with_tax.formatted}}</span>\r\n            {{#if price.without_tax}}\r\n                <abbr title=\"{{lang 'products.including_tax'}}\">{{lang 'products.price_with_tax' tax_label=price.tax_label}}</abbr>\r\n            {{/if}}\r\n        </div>\r\n    {{/if}}\r\n    {{#if price.without_tax}}\r\n        <div class=\"price-section price-section--withoutTax rrp-price--withoutTax{{#if price.with_tax}} price-section--minor{{/if}}\" {{#unless price.rrp_without_tax}}style=\"display: none;\"{{/unless}}>\r\n            <span>\r\n                {{> components/products/price-label\r\n                    label_value=theme_settings.pdp-retail-price-label\r\n                    fallback=(lang \"page_builder.pdp-retail-price-label\")\r\n                }}\r\n            </span>\r\n            <span data-product-rrp-price-without-tax class=\"price price--rrp\">\r\n                {{price.rrp_without_tax.formatted}}\r\n            </span>\r\n        </div>\r\n        <div class=\"price-section price-section--withoutTax non-sale-price--withoutTax{{#if price.with_tax}} price-section--minor{{/if}}\" {{#unless price.non_sale_price_without_tax}}style=\"display: none;\"{{/unless}}>\r\n            <span>\r\n                {{> components/products/price-label\r\n                    label_value=theme_settings.pdp-non-sale-price-label\r\n                    fallback=(lang \"page_builder.pdp-non-sale-price-label\")\r\n                }}\r\n            </span>\r\n            <span data-product-non-sale-price-without-tax class=\"price price--non-sale\">\r\n                {{price.non_sale_price_without_tax.formatted}}\r\n            </span>\r\n        </div>\r\n        <div class=\"price-section price-section--withoutTax\">\r\n            <span class=\"price-label\" {{#if price.non_sale_price_without_tax}}style=\"display: none;\"{{/if}}>\r\n                {{theme_settings.pdp-price-label}}\r\n            </span>\r\n            <span class=\"price-now-label\" {{#unless price.non_sale_price_without_tax}}style=\"display: none;\"{{/unless}}>\r\n                {{> components/products/price-label\r\n                    label_value=theme_settings.pdp-sale-price-label\r\n                    fallback=(lang \"page_builder.pdp-sale-price-label\")\r\n                }}\r\n            </span>\r\n            <span data-product-price-without-tax class=\"price price--withoutTax{{#if price.with_tax}} price-section--minor{{/if}}\">{{price.without_tax.formatted}}</span>\r\n            {{#if price.with_tax}}\r\n                <abbr title=\"{{lang 'products.excluding_tax'}}\">{{lang 'products.price_without_tax' tax_label=price.tax_label}}</abbr>\r\n            {{/if}}\r\n        </div>\r\n    {{/if}}\r\n    {{#if page_type '===' 'product'}}\r\n         <div class=\"price-section price-section--saving price\" {{#unless price.saved}}style=\"display: none;\"{{/unless}}>\r\n                <span class=\"price\">{{lang 'products.you_save_opening_text'}}</span>\r\n                <span data-product-price-saved class=\"price price--saving\">\r\n                    {{price.saved.formatted}}\r\n                </span>\r\n                <span class=\"price\">{{lang 'products.you_save_closing_bracket'}}</span>\r\n         </div>\r\n    {{/if}}\r\n{{/and}}\r\n","components/products/price-label":"{{#if label_value '===' ''}}\r\n    {{fallback}}\r\n{{else}}\r\n    {{label_value}}\r\n{{/if}}\r\n","components/products/price-range":"{{#and price.retail_price_range.min.with_tax price.retail_price_range.max.with_tax}}\r\n    <div class=\"price-section price-section--withTax rrp-price--withTax\">\r\n        <span>\r\n            {{> components/products/price-label\r\n                label_value=theme_settings.pdp-retail-price-label\r\n                fallback=(lang \"page_builder.pdp-retail-price-label\")\r\n            }}\r\n        </span>\r\n        <span data-product-rrp-price-with-tax class=\"price price--rrp\">{{price.retail_price_range.min.with_tax.formatted}} - {{price.retail_price_range.max.with_tax.formatted}}</span>\r\n    </div>\r\n{{else}}\r\n    {{#if price.with_tax}}\r\n        <div class=\"price-section price-section--withTax rrp-price--withTax\" style=\"display: none;\">\r\n            <span>\r\n                {{> components/products/price-label\r\n                    label_value=theme_settings.pdp-retail-price-label\r\n                    fallback=(lang \"page_builder.pdp-retail-price-label\")\r\n                }}\r\n            </span>\r\n            <span data-product-rrp-with-tax class=\"price price--rrp\">\r\n                {{price.rrp_with_tax.formatted}}\r\n            </span>\r\n        </div>\r\n    {{/if}}\r\n{{/and}}\r\n{{#and price.price_range.min.with_tax price.price_range.max.with_tax}}\r\n    {{!-- Never display the \"non-sales price\" if there is a price range to be shown, but we do want the element on the page --}}\r\n    <div class=\"price-section price-section--withTax non-sale-price--withTax\" style=\"display: none;\">\r\n        <span>\r\n            {{> components/products/price-label\r\n                label_value=theme_settings.pdp-non-sale-price-label\r\n                fallback=(lang \"page_builder.pdp-non-sale-price-label\")\r\n            }}\r\n        </span>\r\n        <span data-product-non-sale-price-with-tax class=\"price price--non-sale\">\r\n            {{price.non_sale_price_with_tax.formatted}}\r\n        </span>\r\n    </div>\r\n    <div class=\"price-section price-section--withTax\">\r\n        <span class=\"price-label\">{{theme_settings.pdp-price-label}}</span>\r\n        <span class=\"price-now-label\" style=\"display: none;\">\r\n            {{> components/products/price-label\r\n                label_value=theme_settings.pdp-sale-price-label\r\n                fallback=(lang \"page_builder.pdp-sale-price-label\")\r\n            }}\r\n        </span>\r\n        <span data-product-price-with-tax class=\"price price--withTax\">{{price.price_range.min.with_tax.formatted}} - {{price.price_range.max.with_tax.formatted}}</span>\r\n        {{#and price.price_range.min.without_tax price.price_range.max.without_tax}}\r\n            <abbr title=\"{{lang 'products.including_tax'}}\">{{lang 'products.price_with_tax' tax_label=price.price_range.min.tax_label}}</abbr>\r\n        {{/and}}\r\n    </div>\r\n{{/and}}\r\n{{#and price.retail_price_range.min.without_tax price.retail_price_range.max.without_tax}}\r\n    <div class=\"price-section price-section--withoutTax rrp-price--withoutTax{{#if price.with_tax}} price-section--minor{{/if}}\">\r\n        <span>\r\n            {{> components/products/price-label\r\n                label_value=theme_settings.pdp-retail-price-label\r\n                fallback=(lang \"page_builder.pdp-retail-price-label\")\r\n            }}\r\n        </span>\r\n        <span data-product-rrp-price-without-tax class=\"price price--rrp\">{{price.retail_price_range.min.without_tax.formatted}} - {{price.retail_price_range.max.without_tax.formatted}}</span>\r\n    </div>\r\n{{else}}\r\n    {{#if price.without_tax}}\r\n        <div class=\"price-section price-section--withoutTax rrp-price--withoutTax{{#if price.with_tax}} price-section--minor{{/if}}\" style=\"display: none;\">\r\n            <span>\r\n                {{> components/products/price-label\r\n                    label_value=theme_settings.pdp-retail-price-label\r\n                    fallback=(lang \"page_builder.pdp-retail-price-label\")\r\n                }}\r\n            </span>\r\n            <span data-product-rrp-price-without-tax class=\"price price--rrp\">\r\n                {{price.rrp_without_tax.formatted}}\r\n            </span>\r\n        </div>\r\n    {{/if}}\r\n{{/and}}\r\n{{#and price.price_range.min.without_tax price.price_range.max.without_tax}}\r\n    {{!-- Never display the \"non-sales price\" if there is a price range to be shown, but we do want the element on the page --}}\r\n    <div class=\"price-section price-section--withoutTax non-sale-price--withoutTax{{#if price.with_tax}} price-section--minor{{/if}}\" style=\"display: none;\">\r\n        <span>\r\n            {{> components/products/price-label\r\n                label_value=theme_settings.pdp-non-sale-price-label\r\n                fallback=(lang \"page_builder.pdp-non-sale-price-label\")\r\n            }}\r\n        </span>\r\n        <span data-product-non-sale-price-without-tax class=\"price price--non-sale\">\r\n            {{price.non_sale_price_without_tax.formatted}}\r\n        </span>\r\n    </div>\r\n    <div class=\"price-section price-section--withoutTax{{#and price_range.min.with_tax price_range.max.with_tax}} price-section--minor{{/and}}\">\r\n        <span class=\"price-label\">{{theme_settings.pdp-price-label}}</span>\r\n        <span class=\"price-now-label\" style=\"display: none;\">\r\n            {{> components/products/price-label\r\n                label_value=theme_settings.pdp-sale-price-label\r\n                fallback=(lang \"page_builder.pdp-sale-price-label\")\r\n            }}\r\n        </span>\r\n        <span data-product-price-without-tax class=\"price price--withoutTax\">{{price.price_range.min.without_tax.formatted}} - {{price.price_range.max.without_tax.formatted}}</span>\r\n        {{#and price.price_range.min.with_tax price.price_range.max.with_tax}}\r\n            <abbr title=\"{{lang 'products.excluding_tax'}}\">{{lang 'products.price_without_tax' tax_label=price.price_range.min.tax_label}}</abbr>\r\n        {{/and}}\r\n    </div>\r\n{{/and}}\r\n\r\n{{!-- Never display the \"saving price\" element by default if there is a price range on the page to be shown --}}\r\n{{#if page_type '===' 'product'}}\r\n     <div class=\"price-section price-section--saving price\" style=\"display: none;\">\r\n            <span class=\"price\">{{lang 'products.you_save_opening_text'}}</span>\r\n            <span data-product-price-saved class=\"price price--saving\">\r\n                {{price.saved.formatted}}\r\n            </span>\r\n            <span class=\"price\">{{lang 'products.you_save_closing_bracket'}}</span>\r\n     </div>\r\n{{/if}}\r\n"}
